topic_id,label,keywords,primary_category,primary_weight,all_categories
0,True Promise,"means, idea, promise, work, help, better, true, deal, today, game",A_commitment_hea,0.500000,"A_commitment_hea(0.500), K_work_corporate(0.500)"
1,Tongue & Nipple Play,"hips, tongue, breasts, mouth, body, arms, neck, thighs, nipples, hand",C_explicit,1.000000,C_explicit(1.000)
2,Tongue Play,"clit, pussy, tongue, hips, legs, mouth, neck, lip, lower, thighs",C_explicit,1.000000,C_explicit(1.000)
3,Hungry Dinner,"dinner, food, lunch, breakfast, bakery, chicken, sandwich, meal, dessert, hungry",H_domestic_nesting,1.000000,H_domestic_nesting(1.000)
4,Long-Awaited Reunion,"way, years, matter, things, able, relationship, place, thing, feelings, kind",A_commitment_hea,0.500000,"A_commitment_hea(0.500), N_separation_reunion(0.500)"
5,Weekly Fallen Moments,"week, years, job, fallen, days, times, months, able, things, different",K_work_corporate,1.000000,K_work_corporate(1.000)
6,Wine Service,"wine, sip, bottle, drunk, whiskey, waiter, scotch, alcohol, cup, drinks",D_luxury_wealth_status,1.000000,D_luxury_wealth_status(1.000)
7,True Choice,"problem, deal, idea, point, luck, choice, true, fault, necessary, need",Z_noise_oog,1.000000,Z_noise_oog(1.000)
8,Wrong Thoughts,"wrong, thought, able, feelings, course, control, choice, things, deal, words",Q_miscommunication,0.500000,"Q_miscommunication(0.500), F_negative_affect(0.500)"
9,Wedding Planning,"married, wedding, marriage, divorce, divorced, ceremony, planner, arranged, honeymoon, planning",A_commitment_hea,0.500000,"A_commitment_hea(0.500), G_rituals_gifts(0.500)"
10,Elevator Encounters,"door, doors, knock, hallway, stairs, elevators, floor, lock, button, lobby",S_scene_anchor,1.000000,S_scene_anchor(1.000)
11,Wine Service,"wine, kitchen, plate, sip, waitress, bottle, cup, mug, dinner, food",H_domestic_nesting,0.500000,"H_domestic_nesting(0.500), D_luxury_wealth_status(0.500)"
12,Tender Tongue Play,"kisses, tongue, mouth, neck, leans, lip, soft, lower, tender, forehead",B_mutual_intimacy,1.000000,B_mutual_intimacy(1.000)
13,Playful Laughter,"smile, laugh, laughs, grin, eyebrows, giggles, laughter, small, eyebrow, bright",I_humor_lightness,0.500000,"I_humor_lightness(0.500), O_appearance_aesthetics(0.500)"
14,Gleeful Smiles,"smile, smiles, grin, grins, laughter, gleam, corners, crooked, genuine, mouth",I_humor_lightness,1.000000,I_humor_lightness(1.000)
15,Intimate Touch,"clit, hips, pussy, legs, thighs, erection, waist, thigh, panties, hand",B_mutual_intimacy,0.500000,"B_mutual_intimacy(0.500), C_explicit(0.500)"
16,Family Legacy,"parents, older, fathers, children, kids, grandson, years, uncles, youngest, dads",J_family_support,1.000000,J_family_support(1.000)
19,Tense Foreplay,"stomach, chest, blood, veins, temples, spine, belly, adrenaline, heartbeat, tingle",B_mutual_intimacy,1.000000,B_mutual_intimacy(1.000)
20,Gaze & Brows,"gaze, stare, stares, eye, features, glare, expression, brows, head, attention",O_appearance_aesthetics,1.000000,O_appearance_aesthetics(1.000)
21,Driveway Encounter,"car, driver, parking, cars, driveway, suv, curb, cab, drive, vehicle",S_scene_anchor,1.000000,S_scene_anchor(1.000)
22,Struggling Decisions,"control, thought, thing, prepared, choice, deal, wrong, problem, way, effort",Q_miscommunication,1.000000,Q_miscommunication(1.000)
23,Armchair Foreplay,"board, mug, arm, chair, hand, lodge, table, tone, room, position",B_mutual_intimacy,0.500000,"B_mutual_intimacy(0.500), K_work_corporate(0.500)"
24,Vibrating Phones,"rings, buzzes, pocket, screen, cellphone, nightstand, message, purse, phones, vibrates",P_tech_media,1.000000,P_tech_media(1.000)
25,Goofy Grins,"smile, laugh, laughter, grin, burst, forced, lip, loud, goofy, cheeks",I_humor_lightness,1.000000,I_humor_lightness(1.000)
26,Nighttime Stand,"tonight, night, evening, nights, stand, nighttime, fun, different, best, middle",Z_noise_oog,1.000000,Z_noise_oog(1.000)
27,Elevator Encounters,"door, doors, car, stairs, purse, hall, button, elevators, lock, knob",S_scene_anchor,1.000000,S_scene_anchor(1.000)
28,Guacamole Dilemma,"complication, choice, guacamole, mind, things, matter, material, question, fact, invitation",Z_noise_oog,1.000000,Z_noise_oog(1.000)
29,Time Apart,"minutes, weeks, months, days, week, hours, years, month, seconds, hour",N_separation_reunion,1.000000,N_separation_reunion(1.000)
30,Ice Hockey Players,"game, hockey, puck, players, games, player, teams, goalie, goal, baseball",Z_noise_oog,1.000000,Z_noise_oog(1.000)
31,Tomorrow's Outfit,"clothes, outfit, wardrobe, clothing, outfits, tomorrow, selling, different, fashion, compatible",Z_noise_oog,1.000000,Z_noise_oog(1.000)
32,Hesitant Intercourse,"offense, say, answer, head, worries, intercourse, plans, word, question, hesitation",Z_noise_oog,1.000000,Z_noise_oog(1.000)
33,Financial Negotiation,"business, company, dollars, job, investment, cost, profit, paycheck, income, bank",D_luxury_wealth_status,0.500000,"D_luxury_wealth_status(0.500), K_work_corporate(0.500)"
34,Risky Archery Bet,"cards, archery, chips, shoulder, half, eclectic, direction, attendees, hunting, wary",S_scene_anchor,1.000000,S_scene_anchor(1.000)
35,Silent Ride,"silent, beat, descends, awkward, moment, unspoken, minutes, uncomfortable, companionable, ride",S_scene_anchor,1.000000,S_scene_anchor(1.000)
36,Foot Foreplay,"knees, feet, fists, arms, foot, shuffle, fist, sides, legs, heels",B_mutual_intimacy,1.000000,B_mutual_intimacy(1.000)
37,Insane Fools,"ridiculous, insane, fool, dumbass, outrageous, assholes, insanity, idiots, stupidest, absurd",F_negative_affect,1.000000,F_negative_affect(1.000)
38,Gaze & Brows,"gaze, glare, look, glance, expression, chin, eye, head, brows, moment",O_appearance_aesthetics,1.000000,O_appearance_aesthetics(1.000)
39,Moist Mouth Play,"lip, teeth, nose, tongue, mouth, bridge, cheek, moan, lower, saliva",Z_noise_oog,1.000000,Z_noise_oog(1.000)
40,Office Drama,"job, upset, community, manager, awesome, weeks, friend, wrong, best, thing",Q_miscommunication,0.500000,"Q_miscommunication(0.500), K_work_corporate(0.500)"
41,Ashamed Confession,"ready, heartless, ashamed, wrong, scared, picky, type, human, proud, cleaners",Q_miscommunication,0.375000,"Q_miscommunication(0.375), F_negative_affect(0.375), S_scene_anchor(0.250)"
42,First Intimacy,"sexual, intimate, virginity, intimacy, sexuality, just, unprotected, meaningless, sexiest, thing",B_mutual_intimacy,1.000000,B_mutual_intimacy(1.000)
43,Research & Preparation,"ready, aware, prepared, research, reason, terminology, today, user, giver, work",K_work_corporate,1.000000,K_work_corporate(1.000)
44,Proud Stepmom,"stepmother, moms, motherhood, jackass, proud, children, ass, undivided, esteem, things",J_family_support,1.000000,J_family_support(1.000)
45,Growling Bear Hug,"thing, things, bearded, stuff, peace, best, point, growling, sample, toys",B_mutual_intimacy,1.000000,B_mutual_intimacy(1.000)
46,Rugged Glance,"pickup, oaks, linemen, glance, scoundrel, gaze, attraction, glint, hand, biscuit",O_appearance_aesthetics,1.000000,O_appearance_aesthetics(1.000)
47,Hair Play,"hair, makeup, mascara, lipstick, nape, hairs, rises, bun, strand, neck",O_appearance_aesthetics,0.750000,"O_appearance_aesthetics(0.750), S_scene_anchor(0.250)"
48,Deep Breaths,"breath, lungs, deep, breathing, breaths, air, catches, oxygen, shaky, calm",B_mutual_intimacy,1.000000,B_mutual_intimacy(1.000)
49,New Parent Intimacy,"babysitter, healthy, infant, months, outsiders, fetal, epidural, unprotected, inflated, coos",J_family_support,0.500000,"J_family_support(0.500), M_health_recovery(0.500)"
50,Careful Mind-Reading,"idea, help, clue, mind, problem, thought, control, wrong, careful, reason",Q_miscommunication,0.750000,"Q_miscommunication(0.750), S_scene_anchor(0.250)"
51,Tremulous Reveal,"clinic, tremulous, friend, sister, physician, results, unable, expression, wept, years",J_family_support,0.500000,"J_family_support(0.500), M_health_recovery(0.500)"
52,Masculine Conquest,"event, masculine, unethical, nerd, plenty, graveled, problem, humorless, thought, conquer",I_humor_lightness,1.000000,I_humor_lightness(1.000)
53,Lacy Lingerie,"dress, dresses, panties, skirt, lace, heels, gown, stilettos, blouse, underwear",D_luxury_wealth_status,0.700000,"D_luxury_wealth_status(0.700), O_appearance_aesthetics(0.300)"
54,Ringing Phones,"rang, message, screen, pocket, rings, texts, ear, ringing, numbers, voicemail",P_tech_media,1.000000,P_tech_media(1.000)
55,Sexual Dominatrix,"gratification, means, course, world, dominatrix, pretenses, spc, thing, sexual, devices",P_tech_media,0.500000,"P_tech_media(0.500), C_explicit(0.500)"
56,Sleep Deprivation,"sleep, asleep, nap, hours, night, lack, tired, nights, hour, insomnia",F_negative_affect,1.000000,F_negative_affect(1.000)
57,Bathroom Hygiene,"shower, bathroom, bath, tub, toilet, bathtub, showers, restroom, spray, stall",H_domestic_nesting,1.000000,H_domestic_nesting(1.000)
58,Sweet Spectacle,"stunning, attractive, sweeter, spectator, sweetness, ly, talented, wonderful, thing, aesthetic",I_humor_lightness,0.500000,"I_humor_lightness(0.500), O_appearance_aesthetics(0.500)"
59,Playful Banter,"smiles, replies, laughs, glares, mutters, widen, looks, listens, calls, stares",I_humor_lightness,0.333333,"I_humor_lightness(0.333), O_appearance_aesthetics(0.333), P_tech_media(0.333)"
60,Boardroom Tension,"ceos, employee, bosses, board, company, manager, job, chief, rule, work",K_work_corporate,1.000000,K_work_corporate(1.000)
61,Apology & Forgiveness,"forgive, sorry, apology, forgiveness, apologies, things, need, rule, way, honeycomb",T_repair_apology,1.000000,T_repair_apology(1.000)
62,Months-Long Deception,"months, chess, situation, careful, opposite, lessons, imposter, days, lie, month",Q_miscommunication,0.750000,"Q_miscommunication(0.750), S_scene_anchor(0.250)"
63,Deceptive Lies,"lie, lies, deception, truths, outright, omission, total, consummate, cheater, faults",Q_miscommunication,1.000000,Q_miscommunication(1.000)
64,Murder Mystery Date,"questions, answers, murder, builds, request, door, hand, deal, course, robot",E_threat_danger,0.750000,"E_threat_danger(0.750), S_scene_anchor(0.250)"
65,Redemption Claim,"correct, redemption, corrects, explosion, urn, equation, appearances, understatement, claims, phrase",O_appearance_aesthetics,1.000000,O_appearance_aesthetics(1.000)
66,Naughty Friendship,"giggled, friend, breath, buckles, numb, moan, vulgar, sickening, bluff, alternative",B_mutual_intimacy,1.000000,B_mutual_intimacy(1.000)
67,Aisle Stares,"nods, tenses, looks, stares, sister, smiles, rosy, married, aisle, happiness",I_humor_lightness,0.250000,"I_humor_lightness(0.250), A_commitment_hea(0.250), O_appearance_aesthetics(0.250), J_family_support(0.250)"
68,Grand Century Knock,"percent, scale, fourth, century, grand, seventh, knocks, fifth, pounds, ninth",Z_noise_oog,1.000000,Z_noise_oog(1.000)
69,Guilty Hurts,"hurts, guilt, painful, painkillers, guilty, injury, agony, ache, physical, gut",M_health_recovery,0.500000,"M_health_recovery(0.500), F_negative_affect(0.500)"
70,Purring Rescue Kittens,"kittens, delivery, purr, claws, hairless, cheshire, lap, pasty, paw, rescue",Z_noise_oog,1.000000,Z_noise_oog(1.000)
71,Ringing Phones,"pocket, cellphone, rang, screen, message, ringing, jacket, rings, table, button",P_tech_media,1.000000,P_tech_media(1.000)
72,Corporate Hockey Offer,"hockey, game, bankers, router, corporate, general, offer, box, division, checkpoint",K_work_corporate,1.000000,K_work_corporate(1.000)
73,Rare Emotional Intimacy,"rarity, desolate, special, happiness, insane, superficial, acquaintances, comment, emotions, devotion",B_mutual_intimacy,1.000000,B_mutual_intimacy(1.000)
74,Stadium Stun,"fact, second, amazed, night, years, eyebrows, game, stunned, feeling, stadium",O_appearance_aesthetics,1.000000,O_appearance_aesthetics(1.000)
75,Bedroom Intimacy,"bed, bedroom, couch, sheets, sofa, covers, pillows, mattress, edge, room",H_domestic_nesting,0.500000,"H_domestic_nesting(0.500), B_mutual_intimacy(0.500)"
76,Breathy Whispers,"whisper, murmur, whispers, breathy, meek, sacred, lavender, steam, disaster, prick",B_mutual_intimacy,1.000000,B_mutual_intimacy(1.000)
77,Puzzled Decision-Making,"tone, plans, puzzled, question, matter, decision, today, paperwork, concern, flourish",K_work_corporate,1.000000,K_work_corporate(1.000)
78,Tense Engagement,"cups, gaze, brushing, arm, expression, engagement, hand, grabs, tightens, bellamy",O_appearance_aesthetics,0.500000,"O_appearance_aesthetics(0.500), A_commitment_hea(0.500)"
79,Mutters of Relief,"rule, grandmother, cries, wide, saucers, moment, personality, mutters, chairs, awesome",J_family_support,1.000000,J_family_support(1.000)
80,Hockey Goalie's Lovesick Offs,"hockey, players, goalie, scrum, offs, reminders, millionth, office, lovesick, degree",K_work_corporate,1.000000,K_work_corporate(1.000)
81,Family Dynamics,"parents, children, kids, families, aunts, uncles, want, parenting, traditional, cousins",J_family_support,1.000000,J_family_support(1.000)
82,Fear and Anxiety,"scared, afraid, sad, terrifying, scary, frightening, frightened, fears, sadness, phobia",F_negative_affect,0.750000,"F_negative_affect(0.750), S_scene_anchor(0.250)"
83,Animal Encounter,"goats, dogs, animal, puppies, animals, sheep, pet, lion, pets, herd",Z_noise_oog,1.000000,Z_noise_oog(1.000)
84,Narcissistic Drama,"behavior, narcissistic, drama, seminar, afraid, marriage, lack, times, gun, explosion",A_commitment_hea,0.500000,"A_commitment_hea(0.500), E_threat_danger(0.500)"
85,Honest Victory Celebration,"course, honest, snatchers, finalists, victories, yesss, glorified, best, bum, coulda",G_rituals_gifts,1.000000,G_rituals_gifts(1.000)
86,Monthly Rent,"rent, lease, city, rental, monthly, landlord, week, yorker, space, month",Z_noise_oog,1.000000,Z_noise_oog(1.000)
87,Caveman's Unsolicited Advance,"caveman, league, unfulfilled, unsolicited, detectives, inner, unmade, celibate, course, escort",Z_noise_oog,1.000000,Z_noise_oog(1.000)
88,Apologetic Performance,"performance, sorry, train, memo, today, opportunity, anniversaries, perfection, realms, tartare",T_repair_apology,1.000000,T_repair_apology(1.000)
89,Perverse Survival Method,"hate, dislike, method, survival, perverse, word, person, things, particular, uniform",Z_noise_oog,1.000000,Z_noise_oog(1.000)
90,Medical Intimacy,"hospital, surgeon, surgery, doctors, trauma, medical, appointment, clinic, operating, specialist",M_health_recovery,1.000000,M_health_recovery(1.000)
91,Vivid Flashbacks,"memories, memory, childhood, vivid, ones, flashback, repressed, years, newer, events",Z_noise_oog,1.000000,Z_noise_oog(1.000)
92,Cozy Interior,"furniture, fireplace, ceiling, windows, chairs, floors, wood, walls, floor, ceilings",H_domestic_nesting,1.000000,H_domestic_nesting(1.000)
93,Shameless Apologies,"parents, apologies, sister, ex, brogue, woozy, daughter, shameless, fault, acquisition",J_family_support,0.333333,"J_family_support(0.333), T_repair_apology(0.333), F_negative_affect(0.333)"
94,Raging Tempers,"anger, rage, blood, frustration, temper, veins, stomach, laces, guts, flares",F_negative_affect,1.000000,F_negative_affect(1.000)
95,Evening Client Trauma,"worlds, spending, personal, client, fib, work, trauma, tyrant, evening, best",M_health_recovery,0.500000,"M_health_recovery(0.500), K_work_corporate(0.500)"
96,Husky Whispers,"whispers, whisper, ear, plea, soft, someday, husky, blessed, low, breathy",B_mutual_intimacy,1.000000,B_mutual_intimacy(1.000)
97,Fluttering Eyelids,"closed, eyelids, shut, sockets, vision, flutter, eyeballs, wide, surroundings, accord",Z_noise_oog,1.000000,Z_noise_oog(1.000)
98,Engagement Conversation,"engagement, pudding, granite, parents, warning, conversation, ugliest, pickles, shards, topic",J_family_support,0.500000,"J_family_support(0.500), A_commitment_hea(0.500)"
99,**Dirty Confessions**,"vacuum, mezcal, pangs, turd, unfiltered, desirable, understandable, yesterday, apparent, wishes",Z_noise_oog,1.000000,Z_noise_oog(1.000)
100,Yellow Bouquet,"roses, flowers, bouquet, florist, petals, yellow, lilies, vase, daisies, dozen",A_commitment_hea,0.500000,"A_commitment_hea(0.500), G_rituals_gifts(0.500)"
101,Tragic Love Letters,"library, letters, kleenex, writer, sister, comebacks, acerbic, bit, pert, tragic",J_family_support,1.000000,J_family_support(1.000)
102,Hair Tugging Foreplay,"hair, strands, grip, strand, handful, hand, threads, tugs, grabs, lock",B_mutual_intimacy,1.000000,B_mutual_intimacy(1.000)
103,Wet Nude Encounter,"nude, nudes, nakedness, stark, wet, half, alleged, bed, body, clothes",H_domestic_nesting,0.500000,"H_domestic_nesting(0.500), C_explicit(0.500)"
104,Pigeon Feeding,"pigeon, helpful, sustainable, excited, cork, answers, indecent, pitiful, chimes, sister",J_family_support,1.000000,J_family_support(1.000)
105,Popcorn Hurry,"hurry, pro, trade, location, places, place, tripping, rule, area, popcorn",Z_noise_oog,1.000000,Z_noise_oog(1.000)
106,Nighttime Confession,"lines, easy, understandable, item, idea, night",Z_noise_oog,1.000000,Z_noise_oog(1.000)
107,True Matter Dispute,"matter, sense, true, work, pundits, case, difference, failure, alert, reason",K_work_corporate,1.000000,K_work_corporate(1.000)
108,Eternal Love,"fall, true, fickle, kind, loves, souls, epic, significant, important, thing",A_commitment_hea,1.000000,A_commitment_hea(1.000)
109,Eligible Millionaire,"wealthy, richest, millionaire, eligible, wealthiest, wealth, world, businessman, male, dollar",D_luxury_wealth_status,0.500000,"D_luxury_wealth_status(0.500), K_work_corporate(0.500)"
110,Feverish Argument,"listening, reply, feverish, confusion, mort, upfront, pun, pep, unblinking, angrier",M_health_recovery,1.000000,M_health_recovery(1.000)
111,Dreamy Nightmares,"dreams, nightmare, dreaming, nightmares, true, worst, vivid, fantasies, pipe, dreamy",F_negative_affect,1.000000,F_negative_affect(1.000)
112,Icy Kiss,"rain, winter, wet, chilly, icy, flakes, colder, glacier, sky, snowy",B_mutual_intimacy,1.000000,B_mutual_intimacy(1.000)
113,Tabloid Scandal,"drugs, curious, sister, sad, determined, skinny, incidents, clean, cigarette, tabloid",J_family_support,0.333333,"J_family_support(0.333), P_tech_media(0.333), F_negative_affect(0.333)"
114,Reluctant Choices,"choices, deter, reluctance, ideal, brief, assistants, gut, expectations, speech, approval",Z_noise_oog,1.000000,Z_noise_oog(1.000)
115,Celebrity Golf Break,"golf, years, talk, winced, celebrity, thoughtful, instigator, break, weekend, problems",Z_noise_oog,1.000000,Z_noise_oog(1.000)
116,Relatable Imposter,"important, condition, second, ways, dependent, thing, word, arrangement, imposter, relatable",Z_noise_oog,1.000000,Z_noise_oog(1.000)
117,Constant Hatred,"hate, dislike, hatred, gravity, guts, mention, constant, rhubarb, shucks, capable",Z_noise_oog,1.000000,Z_noise_oog(1.000)
118,Public Relations Intimacy,"publicity, knows, forthcoming, deal, position, impression, board, antics, nation, turn",K_work_corporate,1.000000,K_work_corporate(1.000)
119,Unapologetic Whispers,"snaps, replies, epitome, runners, whispers, barks, potion, unapologetic, gestures, smiles",I_humor_lightness,0.500000,"I_humor_lightness(0.500), B_mutual_intimacy(0.500)"
120,Strung Words,"string, parts, unable, word",Z_noise_oog,1.000000,Z_noise_oog(1.000)
121,Convenient Pairing,"better, easier, smoother, sakes, option, ideal, worlds, pair, trips, convenient",Z_noise_oog,1.000000,Z_noise_oog(1.000)
122,Fight Over Information,"mission, information, informant, descriptions, friend, fight, poetry, gun, contracts, conscience",E_threat_danger,1.000000,E_threat_danger(1.000)
123,Police Encounter,"police, cops, guard, cop, ambulance, guards, paramedics, station, officers, uniform",K_work_corporate,0.333333,"K_work_corporate(0.333), R1_protectiveness(0.333), E_threat_danger(0.333)"
124,Engagement Surprise,"engagement, stunt, instances, cheeks, ex, flushed, parents, surprise, weakness, relationship",J_family_support,0.500000,"J_family_support(0.500), A_commitment_hea(0.500)"
125,Airport Encounter,"flight, plane, jet, airport, helicopter, pilot, runway, airline, planes, airplane",S_scene_anchor,1.000000,S_scene_anchor(1.000)
126,Sardonic Glance,"jackass, hog, sardonic, shot, loyal, glance, brows, unqualified, boat, effect",O_appearance_aesthetics,0.750000,"O_appearance_aesthetics(0.750), S_scene_anchor(0.250)"
127,Emotional Panic,"panic, emotions, emotional, attack, attacks, hysteria, unease, excited, dread, sadness",F_negative_affect,1.000000,F_negative_affect(1.000)
128,Easy Target,"easy, simple, straightforward, peasy, natural, easiest, comparison, target, task, introductory",Z_noise_oog,1.000000,Z_noise_oog(1.000)
129,Condom Mishap,"condom, condoms, wrapper, packet, wallet, nightstand, expired, drawer, pocket, package",C_explicit,1.000000,C_explicit(1.000)
130,Whispered Doubts,"prospect, unconvinced, news, stamina, sister, burden, idea, whispery, question, insane",J_family_support,0.333333,"J_family_support(0.333), Q_miscommunication(0.333), B_mutual_intimacy(0.333)"
131,Intense Pleading,"grunts, tenses, inhales, values, honesty, pleads, morals, merger, joined, bodyguards",Z_noise_oog,1.000000,Z_noise_oog(1.000)
133,Tongue & Thumb Play,"nipple, nipples, breasts, breast, cups, thumbs, tongue, thumb, mouth, hardened",C_explicit,1.000000,C_explicit(1.000)
134,Necking on Campus,"necks, curious, breakthroughs, campus, crush, sister, philanthropist, demeanor, friendly, debt",J_family_support,1.000000,J_family_support(1.000)
135,Sunset Stroll,"sun, sky, beach, clouds, horizon, sand, ocean, sunset, orange, sea",S_scene_anchor,1.000000,S_scene_anchor(1.000)
136,Thrilling Diversion,"fun, excited, excitement, entertaining, uncomplicated, diversion, thrill, stressful, lot, guys",Z_noise_oog,1.000000,Z_noise_oog(1.000)
137,Busy Parenting,"offspring, protocol, publicist, understandable, qualified, apparent, blessed, busy, circumstances, generous",J_family_support,1.000000,J_family_support(1.000)
138,Sailor's Pact,"sailors, archery, cards, tapes, arrows, broccoli, pact, olympics, feisty, trainer",S_scene_anchor,1.000000,S_scene_anchor(1.000)
139,Stammered Questions,"brass, stammers, weakly, problem, questions, ibits, gum, course, commands, standard",Z_noise_oog,1.000000,Z_noise_oog(1.000)
140,Cheeky Stares,"stammers, stares, statements, peas, dirt, coffin, mail, older, cheeky, memo",Z_noise_oog,1.000000,Z_noise_oog(1.000)
141,Rush of Passion,rush,Z_noise_oog,1.000000,Z_noise_oog(1.000)
142,Stainless Countertop,"kitchen, fridge, cabinets, appliances, counter, stainless, countertops, dishes, kitchens, dishwasher",H_domestic_nesting,0.500000,"H_domestic_nesting(0.500), D_luxury_wealth_status(0.500)"
143,Small Talk,"conversation, talk, conversations, discussion, particulars, simple, lot, messaging, pep, small",Z_noise_oog,1.000000,Z_noise_oog(1.000)
144,Dating App Dilemma,"dates, official, service, apps, dilemma, calendar, strings, narcissists, histories, inconsistencies",G_rituals_gifts,1.000000,G_rituals_gifts(1.000)
145,Revolutionary Romance,"course, options, supplication, revolutionary, adversary, individuals, purpose, country, era, champ",Z_noise_oog,1.000000,Z_noise_oog(1.000)
146,Bedtime Intimacy,"bed, mattress, bedroom, sheets, covers, edge, blankets, pillow, blanket, legs",H_domestic_nesting,0.500000,"H_domestic_nesting(0.500), B_mutual_intimacy(0.500)"
147,Fortuitous Encounter,"luck, luckiest, perfection, fortunate, fit, solution, unlucky, today, miracle, immaculate",Z_noise_oog,1.000000,Z_noise_oog(1.000)
148,Victorian Holiday Celebration,"holiday, parties, holidays, presents, christmases, celebration, gala, decorations, victorian, annual",G_rituals_gifts,1.000000,G_rituals_gifts(1.000)
149,Manager's Regret,"manager, recall, buddies, frowned, gathering, dejected, moment, gem, friend, distraction",P_tech_media,0.500000,"P_tech_media(0.500), K_work_corporate(0.500)"
150,Industry Rivalry,"industries, fault, dramatic, skincare, type, detour, crap, flashback, statement, deflect",S_scene_anchor,1.000000,S_scene_anchor(1.000)
151,Cool Negotiation,"talk, trickle, technique, deal, strategy, cool, auction, straight, hypotheticals, aids",P_tech_media,0.500000,"P_tech_media(0.500), K_work_corporate(0.500)"
152,Market Glance,"gaze, hesitates, grandmother, stares, market, glances, moment, photo, hint, mere",J_family_support,0.500000,"J_family_support(0.500), O_appearance_aesthetics(0.500)"
153,Strange Encounter,"odd, confusing, complicated, weirdest, surprising, strangest, peculiar, bizarre, ironic, thing",Z_noise_oog,1.000000,Z_noise_oog(1.000)
154,Unplanned Pregnancy,"pregnancy, test, unplanned, weeks, months, birth, conception, injection, childbirth, maternity",J_family_support,1.000000,J_family_support(1.000)
155,Hushed Whispers,"whispers, whisper, ear, husky, frightened, breath, iud, cellulite, handset, knuckles",B_mutual_intimacy,1.000000,B_mutual_intimacy(1.000)
156,Trust Instincts,"trust, trustworthy, issues, able, instincts, circle, gut, web, means, anchor",Z_noise_oog,1.000000,Z_noise_oog(1.000)
157,Barroom Moment,"segue, wordless, sudden, workshop, memo, tousled, days, moment, warmth, barroom",K_work_corporate,0.750000,"K_work_corporate(0.750), S_scene_anchor(0.250)"
158,Breathless Stare,"truffle, jaw, comeback, weirdest, asap, road, unblinking, look, breathless, hamptons",Z_noise_oog,1.000000,Z_noise_oog(1.000)
159,Plea During Playtime,"plea, innings, response, hesitation, awesome, chimes, colorful, kids, nod, things",J_family_support,1.000000,J_family_support(1.000)
160,Tearful Foreplay,"tears, panic, cheeks, stomach, tear, hips, belly, unshed, shivers, corners",F_negative_affect,0.500000,"F_negative_affect(0.500), B_mutual_intimacy(0.500)"
161,Brilliant Actor's Qualities,"actor, nicest, qualities, intelligent, excellent, best, lot, breakthroughs, brilliant, lad",Z_noise_oog,1.000000,Z_noise_oog(1.000)
162,Lace-Covered Curves,"skirt, dress, breasts, nipples, curves, fabric, panties, lace, blouse, thigh",C_explicit,1.000000,C_explicit(1.000)
163,Redemption Orgies,"redemption, contemporary, blur, favorite, alleged, orgies, inch, duckling, duchess, fodder",Z_noise_oog,1.000000,Z_noise_oog(1.000)
164,Electric Glances,"gazes, moment, air, swirls, crackles, connection, connected, glance, bodies, glances",O_appearance_aesthetics,1.000000,O_appearance_aesthetics(1.000)
165,Huskier Whispers,"cracks, muffled, murmur, shaky, soft, sound, louder, breaks, low, huskier",B_mutual_intimacy,1.000000,B_mutual_intimacy(1.000)
166,Angry Outburst,"yell, shouting, exasperation, sirens, anger, ambulance, catnap, counterpart, bathroom, undiluted",H_domestic_nesting,0.500000,"H_domestic_nesting(0.500), F_negative_affect(0.500)"
167,Intense Climax,"orgasms, climax, rips, orgasmic, body, intense, wave, pulses, pleasure, waves",C_explicit,1.000000,C_explicit(1.000)
168,Mind-Changing Conversation,"change, changes, mind, topic, things, subject, dynamics, transformation, priorities, chop",Z_noise_oog,1.000000,Z_noise_oog(1.000)
169,Risky Temptation,"risky, stake, low, risk, responsibility, temptation, expensive, busy, squabbling, toodles",D_luxury_wealth_status,1.000000,D_luxury_wealth_status(1.000)
170,Midday Apologies,"winces, thanks, noon, analogies, prudish, nevermind, skills, actuality, nother, recreational",T_repair_apology,1.000000,T_repair_apology(1.000)
171,Bedtime Foreplay,"bed, mattress, bedroom, edge, covers, pillow, comforter, dips, legs, arms",H_domestic_nesting,0.500000,"H_domestic_nesting(0.500), B_mutual_intimacy(0.500)"
172,Unrecognizable Stalker,"unrecognizable, exception, rational, creative, fraction, sweep, stalker, collection, definitions, silkiness",E_threat_danger,1.000000,E_threat_danger(1.000)
173,Friends with Benefits,"friendship, friend, buddies, benefits, friendships, acquaintances, school, inseparable, best, freshman",Z_noise_oog,1.000000,Z_noise_oog(1.000)
174,Despicable Scenario,"worse, worst, things, terrible, horrible, despicable, scenario, times, drivers, thing",Z_noise_oog,1.000000,Z_noise_oog(1.000)
175,Underwater Glance,"underwater, worst, attention, surface, bar, glance, doh, person, anvil, ability",S_scene_anchor,1.000000,S_scene_anchor(1.000)
176,Throat Tightness,"throat, lump, bile, tight, knot, cough, tightness, dry, gagging, clearing",Z_noise_oog,1.000000,Z_noise_oog(1.000)
177,Cosmic Command,"command, strong, willing, cosmos, place, enforcer, sort, cobra, whirls, problematic",Z_noise_oog,1.000000,Z_noise_oog(1.000)
178,Happy Endings,"happiness, happier, satisfaction, cheerful, tools, percent, endings, centre, outpouring, torrential",Z_noise_oog,1.000000,Z_noise_oog(1.000)
179,Bathhouse Flirtation,"bathing, labor, overton, trunk, grin, cutoffs, stresses, enviable, conversation, harem",I_humor_lightness,1.000000,I_humor_lightness(1.000)
180,Stratospheric Ode,"ode, geometry, stratosphere, cleanup, forte, pleaser, courts, expiration, assurance, gummy",Z_noise_oog,1.000000,Z_noise_oog(1.000)
181,Glacial Glare,"grunt, expressionless, strides, song, glower, heavenward, unfathomable, implacable, glacial, exasperated",Z_noise_oog,1.000000,Z_noise_oog(1.000)
182,Tough Cheek Caress,"tough, cheeks",B_mutual_intimacy,0.750000,"B_mutual_intimacy(0.750), S_scene_anchor(0.250)"
183,Divided Hearts,division,Z_noise_oog,1.000000,Z_noise_oog(1.000)
184,Husky Whispers,"low, lowers, gruff, husky, hoarse, rough, soft, rumble, tone, octave",B_mutual_intimacy,1.000000,B_mutual_intimacy(1.000)
185,Sensual Thrill,"awesome, wonderful, extraordinary, glorious, exciting, stunning, spectacular, thrilling, satisfying, exceptional",O_appearance_aesthetics,1.000000,O_appearance_aesthetics(1.000)
187,Political Strategy Session,"plan, plans, conditions, suited, planning, successor, feasible, action, politicians, plural",Z_noise_oog,1.000000,Z_noise_oog(1.000)
188,Deal Negotiation,"deal, authentic, stuff, struggle, realness, wily, bots, scumbag, regular, thing",K_work_corporate,1.000000,K_work_corporate(1.000)
189,Weekend Encounter,"tomorrow, weekend, weekends, holiday, noon, nudist, memorial, busy, upcoming, week",G_rituals_gifts,1.000000,G_rituals_gifts(1.000)
190,Religious Intimacy,"et, religion, priest, deity, salvation, religious, greek, fondler, biblically, archaic",P_tech_media,1.000000,P_tech_media(1.000)
191,Karaoke Client Meeting,"meeting, karaoke, client, remark, disuse, usual, research, baton, trainers, ballbuster",K_work_corporate,1.000000,K_work_corporate(1.000)
192,Casual Encounters,"sashimi, fixable, hookups, encounters, priorities, rule, buffet, buck, ordinary, jog",Z_noise_oog,1.000000,Z_noise_oog(1.000)
193,Birthday Surprise,"yells, dopey, friend, announces, birthday, instigating, lovey, dovey, shot, best",G_rituals_gifts,1.000000,G_rituals_gifts(1.000)
194,Author Appreciation,"authors, acknowledgments, reviews, purchase, series, fiction, novella, permission, writing, review",Z_noise_oog,1.000000,Z_noise_oog(1.000)
195,Gritted Breakthrough,"standards, decision, finale, gritted, breakthrough, knockout, recollection, hoot, deal, room",Z_noise_oog,1.000000,Z_noise_oog(1.000)
196,Hollywood Gaze,"attractive, refined, handsomeness, irresistible, looks, features, stunning, hollywood, magnificent, photos",D_luxury_wealth_status,0.700000,"D_luxury_wealth_status(0.700), O_appearance_aesthetics(0.300)"
197,Margarita Closure,"closure, margaritas, rule, numbers, breakup, facts, ciders, decade, switch, things",D_luxury_wealth_status,1.000000,D_luxury_wealth_status(1.000)
198,Holiday Flirtation,"growls, stiffens, patron, smirks, snickers, holidays, swings, grownups, horse, investigations",G_rituals_gifts,1.000000,G_rituals_gifts(1.000)
199,Apprehensive Soulmates,"case, password, owners, danish, figurative, raisin, chafing, soulmates, camel, apprehensive",Z_noise_oog,1.000000,Z_noise_oog(1.000)
200,Older Sister's Secret,"sister, niece, daughter, older, disclosure, mask, members, sibling, friend, dangerous",J_family_support,0.333333,"J_family_support(0.333), F_negative_affect(0.333), E_threat_danger(0.333)"
201,Jealous Girlfriend,"jealous, jealousy, tribute, envious, mediocre, elderly, girlfriend, pang, ridiculous, irrational",R2_jealousy,1.000000,R2_jealousy(1.000)
202,Historical Rivalry,"history, hatred, modern, toilet, idea, dissertation, comedies, victories, algebra, functional",Z_noise_oog,1.000000,Z_noise_oog(1.000)
203,Incessant Revulsion,"revulsion, guests, creature, register, minibar, sight, bahamas, incessant, coworker, broccoli",K_work_corporate,1.000000,K_work_corporate(1.000)
204,Silly Forgetfulness,"forgetting, silliness, requisite, friendliest, nachos, ingredient, implications, hospice, slumber, decency",Z_noise_oog,1.000000,Z_noise_oog(1.000)
205,Rule-Breaking Desire,"fuckup, rule, horny, rules, hint, rest, job, world",K_work_corporate,1.000000,K_work_corporate(1.000)
206,Sultry Rivalry,"audience, formidable, compact, authors, amusement, rival, sheepish, sultry, authority, decision",Z_noise_oog,1.000000,Z_noise_oog(1.000)
207,Earthy Scent,"scent, cologne, smell, soap, musk, sandalwood, cedar, masculine, earthy, smelling",O_appearance_aesthetics,1.000000,O_appearance_aesthetics(1.000)
208,Harem's Explicit Reward,"desperate, harem, explicit, brightest, correction, heavens, reward, offer, nearest, sun",Z_noise_oog,1.000000,Z_noise_oog(1.000)
209,Clan Obsession,"eldest, clan, unwarranted, obsession, wing, adoptive, blooded, reins, generation, daughter",Z_noise_oog,1.000000,Z_noise_oog(1.000)
210,Reunion Confessions,"ensemble, reunion, feelings, passenger, cutoff, pusher, best, converse, pushy, shorts",A_commitment_hea,0.500000,"A_commitment_hea(0.500), N_separation_reunion(0.500)"
211,Blonde Strands,"hair, blonde, waves, shoulders, bun, strands, breeze, braid, auburn, silky",O_appearance_aesthetics,1.000000,O_appearance_aesthetics(1.000)
212,Office Romance,"desk, screen, laptop, monitor, office, papers, drawer, chair, paperweight, seat",P_tech_media,0.500000,"P_tech_media(0.500), K_work_corporate(0.500)"
213,Ragged Breaths,"breath, hitches, deep, breathing, throat, lungs, ragged, shaky, noise, catches",B_mutual_intimacy,1.000000,B_mutual_intimacy(1.000)
214,Naughty Interrogation,"question, omg, answer, naughtiest, second, scapegoat, questions, important, evasive, fictional",Z_noise_oog,1.000000,Z_noise_oog(1.000)
215,Overprotective Gentlemen's Promise,"upset, worries, taser, ogre, promise, bigger, sudden, enraged, overprotective, gentlemen",A_commitment_hea,0.333333,"A_commitment_hea(0.333), R1_protectiveness(0.333), F_negative_affect(0.333)"
216,Morbid Anniversaries,"dead, deaths, mortification, mortifying, lifeless, alive, suicide, anniversaries, poorer, bareback",Z_noise_oog,1.000000,Z_noise_oog(1.000)
217,Snarky Raincheck,"snarky, raincheck, tough, frisky, sidekick, obedient, dope, peg, hoo, coerce",Z_noise_oog,1.000000,Z_noise_oog(1.000)
218,Feathered Antics,"pigeon, birds, duckling, chirping, wings, crows, antics, feathers, lizards, carnivorous",S_scene_anchor,1.000000,S_scene_anchor(1.000)
219,Enviable Zing,"assignment, humans, course, actuality, enviable, par, fixture, zing, principle, endearment",Z_noise_oog,1.000000,Z_noise_oog(1.000)
220,Boat Moment,"moment, boat, inspiration, consultant, months, evening, grimace, houseful, relaxing, wonderment",S_scene_anchor,1.000000,S_scene_anchor(1.000)
221,Quick Shower,"shower, bathroom, towel, restroom, toilet, tub, towels, quick, showers, clinic",H_domestic_nesting,0.500000,"H_domestic_nesting(0.500), M_health_recovery(0.500)"
222,Gratitude Sale,"trial, sale, trash, thanks",Z_noise_oog,1.000000,Z_noise_oog(1.000)
223,Professional Undressing,"work, presentation, adults, expectations, undies, def, research, awe, niche, school",K_work_corporate,1.000000,K_work_corporate(1.000)
225,Furtive Minutes,"early, minutes, bylaws, mosquitoes, furtive, unreliable, ifs, percentage, conference, diagnosis",Z_noise_oog,1.000000,Z_noise_oog(1.000)
226,Scandalous Dance,"disco, infinity, pottery, scandalous, maine, girlfriend, helicopter, wrinkles, blunt, adventure",Z_noise_oog,1.000000,Z_noise_oog(1.000)
227,Voyeuristic Race,"scuffle, destructive, voyeur, filing, races, vibrator, strangers, prick, paperwork, secretary",F_negative_affect,0.500000,"F_negative_affect(0.500), K_work_corporate(0.500)"
228,Homecoming Vow,"home, edit, homesick, sense, homey, residential, mobile, vow, work, sailing",A_commitment_hea,0.333333,"A_commitment_hea(0.333), N_separation_reunion(0.333), K_work_corporate(0.333)"
229,Fascinated Gazes,"gaze, widen, brows, wide, brighter, head, brow, fascinating, fraction, brightens",O_appearance_aesthetics,1.000000,O_appearance_aesthetics(1.000)
230,Wheelchair Fondness,"cast, wheelchair, fond, photo, golf, rancor, threes, children, information, citation",J_family_support,1.000000,J_family_support(1.000)
231,Sweaty Intimacy,"sweat, beads, sweating, trickles, sweaty, palms, bead, forehead, skin, spine",B_mutual_intimacy,1.000000,B_mutual_intimacy(1.000)
232,Tiger's Prize,"firsthand, blah, prize, interpretation, anecdote, tigers, bidders, beginner, lookout, convoluted",Z_noise_oog,1.000000,Z_noise_oog(1.000)
233,Uppity Beauty,"attractive, proud, intelligent, excellent, pieces, stunning, attribute, uppity, austere, unimaginable",O_appearance_aesthetics,1.000000,O_appearance_aesthetics(1.000)
234,Postcoital Witch,"witch, murdering, sitter, daughter, fanatic, valentines, falsehood, postcoital, nolita, ballbuster",E_threat_danger,1.000000,E_threat_danger(1.000)
235,Kingly Gaze,"gaze, remnant, annoyance, menswear, kingly, peasy, meaner, yesss, snout, clone",O_appearance_aesthetics,1.000000,O_appearance_aesthetics(1.000)
236,Sarcastic Jokes,"joke, funny, amusing, sick, sarcasm, freakin, proclivities, funnier, gargoyle, heh",I_humor_lightness,1.000000,I_humor_lightness(1.000)
237,Archery Rivalry,"rioting, volley, forte, inkling, true, special, reference, archery, fence, trigger",Z_noise_oog,1.000000,Z_noise_oog(1.000)
238,Unspoken Attraction,"load, point, things",Z_noise_oog,1.000000,Z_noise_oog(1.000)
239,Tearful Embrace,"tears, cheeks, tear, sting, corners, vision, unshed, burst, reddened, sockets",F_negative_affect,1.000000,F_negative_affect(1.000)
240,Career Opportunity,"years, research, deal, thought, career, booked, industry, opportunity, consequences, elections",S_scene_anchor,1.000000,S_scene_anchor(1.000)
241,First Touch,start,Z_noise_oog,1.000000,Z_noise_oog(1.000)
242,Audacious Handshake,"class, handshake, glad, thrilled, humane, contort, audacious, bereft, biscuit, stiffness",Z_noise_oog,1.000000,Z_noise_oog(1.000)
243,Fearless Ladies,"answer, epitome, ladies, mio, outspoken, sophistication, replaceable, mushrooms, scrambles, fearless",F_negative_affect,1.000000,F_negative_affect(1.000)
244,Power Tool Intimacy,"cordless, drill, results, oldest, strides, homebody, maybach, inexorable, letdown, screwdriver",B_mutual_intimacy,1.000000,B_mutual_intimacy(1.000)
245,Midnight Glance,"clock, nightstand, ticking, digital, glance, midnight, countdown, hour, noon, clocks",O_appearance_aesthetics,1.000000,O_appearance_aesthetics(1.000)
246,Superhero's Gaze,"wraps, moves, badge, stands, looks, intercom, shuffle, evil, tats, superhuman",O_appearance_aesthetics,1.000000,O_appearance_aesthetics(1.000)
247,Statue's Embrace,"statue, sister, piranhas, outpouring, cornbread, hurry, garner, particulars, wholesome, hairstylist",J_family_support,1.000000,J_family_support(1.000)
248,Doomed Barn Dance,"interpretation, doom, barn, brownstone, wrong, impending, failure, incident, gallery, actual",Q_miscommunication,1.000000,Q_miscommunication(1.000)
249,Prophetic Garage Encounter,"validity, laminate, prophecy, garage, manure, acknowledgement, unfiltered, incentive, significance, references",F_negative_affect,1.000000,F_negative_affect(1.000)
250,Protective Conversations,"protector, soul, conversations, protective, pamper, firelight, bolder, headstrong, sputters, unconditional",R1_protectiveness,1.000000,R1_protectiveness(1.000)
251,Press Conference Mojo,"press, conference, cursing, mojo, metabolism, genuineness, guys, instinctual, louisville, discrimination",Z_noise_oog,1.000000,Z_noise_oog(1.000)
252,Sarcastic Retorts,"retorts, drawls, harden, manner, heck, frowns, features, glare, merrier, period",Z_noise_oog,1.000000,Z_noise_oog(1.000)
253,Confused Question,"shrug, stammer, supremacy, question, sacrilege, plumbing, assortment, buttons, confusion, talents",Z_noise_oog,1.000000,Z_noise_oog(1.000)
254,Horny Mistake,"mistake, wrong, mistakes, faulty, huge, foolish, horny, costly, trafficked, luv",Q_miscommunication,1.000000,Q_miscommunication(1.000)
255,Scorpion's Embrace,"hotter, hots, hottest, scorpion, empathetic, ceaseless, zillion, coals, hottie, hotness",Z_noise_oog,1.000000,Z_noise_oog(1.000)
256,Awkward Silence,"wrong, whack, shhh, oof, pee, doh, cad, mousy, whisk, emu",Q_miscommunication,1.000000,Q_miscommunication(1.000)
257,Lingering Scents,"smell, scent, perfume, smells, air, scents, distillery, lavender, whiff, nose",O_appearance_aesthetics,1.000000,O_appearance_aesthetics(1.000)
258,Sunset Parade,"parade, issues, beading, loner, worms, motivated, class, shrug, labored, sunset",S_scene_anchor,1.000000,S_scene_anchor(1.000)
259,Office Work,"desk, laptop, papers, office, cubicle, stack, screen, paper, chair, seat",P_tech_media,0.500000,"P_tech_media(0.500), K_work_corporate(0.500)"
260,Brief Shrug,"shrug, agreement, assertion, gearshift, waiter, leafy, brief, wand, pleased, aviators",Z_noise_oog,1.000000,Z_noise_oog(1.000)
261,Nuzzle in Sedan,"uncompromising, tendencies, horizontal, protocol, allowance, nuzzle, sedan, conventional, sleepless, prettier",Z_noise_oog,1.000000,Z_noise_oog(1.000)
262,Clever Banter,clever,I_humor_lightness,1.000000,I_humor_lightness(1.000)
263,Riddled Rejection,"question, challenge, true, riddle, conventional, presumptuous, temp, relevant, void, phrase",Z_noise_oog,1.000000,Z_noise_oog(1.000)
264,Middle School Melee,"daughter, squeeze, dumpling, school, lilies, curl, shouts, contrast, middle, melee",Z_noise_oog,1.000000,Z_noise_oog(1.000)
265,Careful Tune-Up,"checking, record, careful, tune, curveball, easy, peasy, tonight, snob, vertical",S_scene_anchor,1.000000,S_scene_anchor(1.000)
266,Explicit Photoshoot,"shots, client, photos, explicit, friend, sleazy, purposes, juicy, shiftless, watt",Z_noise_oog,1.000000,Z_noise_oog(1.000)
267,Cocky Smirk,"smirk, fuss, pleased, billboard, recommendation, cunning, injuries, deepens, discomfort, cocky",M_health_recovery,0.500000,"M_health_recovery(0.500), K_work_corporate(0.500)"
268,Diary Entries,"diary, frowns, pouts, gaze, snickers, stiffens, waves, slackens, flounces, broadens",O_appearance_aesthetics,1.000000,O_appearance_aesthetics(1.000)
269,Stony Threat,"sideways, stony, violence, ranch, spray, panhandlers, readiness, threat, boulevard, regulation",E_threat_danger,1.000000,E_threat_danger(1.000)
270,Ugly Crying,"tears, sobbing, bawling, feminine, undone, sob, hiccupping, ugly, sexless, upholstery",F_negative_affect,1.000000,F_negative_affect(1.000)
271,Physical Conquest,"conquest, labor, advantage, defenses, physical, feminine, moment, coast, asymmetry, sacrilege",Z_noise_oog,1.000000,Z_noise_oog(1.000)
272,Curious Girlfriend's Assurance,"girlfriend, talk, exclamation, curious, vessel, assurance, problem, blooded, firm, willpower",Z_noise_oog,1.000000,Z_noise_oog(1.000)
273,Contrite Apology,"sorry, apology, apologetic, tears, accident, lack, contrite, disruption, robotic, whispers",T_repair_apology,0.333333,"T_repair_apology(0.333), F_negative_affect(0.333), B_mutual_intimacy(0.333)"
274,Wild Night Out,"clubs, members, exclusive, stag, wilder, restaurants, member, strip, whores, frequent",Z_noise_oog,1.000000,Z_noise_oog(1.000)
275,Compatibility Trials,"lives, compatible, better, synapses, pasts, buffer, decorum, inseparable, limbo, trials",Z_noise_oog,1.000000,Z_noise_oog(1.000)
276,Furious Rage,"anger, rage, furious, dense, disrespectful, temper, thrums, bitterness, surface, depths",F_negative_affect,1.000000,F_negative_affect(1.000)
277,Corporate Takeover,"company, buy, profits, business, companies, funds, businesses, successes, millions, leech",K_work_corporate,1.000000,K_work_corporate(1.000)
278,East Coast Rescue,"east, ways, enlisted, preface, welfare, aneurysm, preview, paddles, upper, paramedic",Z_noise_oog,1.000000,Z_noise_oog(1.000)
279,Pilot's Precautions,"mile, pilot, precautions, wolves, trek, booking, competitors, visitors, yards, stammers",Z_noise_oog,1.000000,Z_noise_oog(1.000)
280,Throaty Growls,"growls, groans, growl, growling, rips, low, grunts, ears, deep, throaty",Z_noise_oog,1.000000,Z_noise_oog(1.000)
281,Nighttime Slumber,"sleep, asleep, night, bed, inertia, exhausted, hours, nights, slumber, nephew",H_domestic_nesting,1.000000,H_domestic_nesting(1.000)
282,Respectful Intimacy,"respect, mortgage, exceptions, utmost, grandkids, bathrobe, album, impossible, rougher, sweeter",J_family_support,1.000000,J_family_support(1.000)
284,Diabolical Pursuit,"bounds, wriggles, perplexed, barks, extremes, ability, client, mustards, novelty, diabolical",Z_noise_oog,1.000000,Z_noise_oog(1.000)
285,Massive Size,"bigger, huge, size, solid, heavy, geometry, massive, inch, large, larger",Z_noise_oog,1.000000,Z_noise_oog(1.000)
286,Priest's Glare,"supreme, glare, priest, crew, fight, obdurate, conjecture, referee, unpunished, reticence",Z_noise_oog,1.000000,Z_noise_oog(1.000)
287,Gloating Omen,"course, gloating, omen, seams, legend, instrument, trepidation, certainty, resources, turkey",Z_noise_oog,1.000000,Z_noise_oog(1.000)
288,Morning Routine,"mornings, omg, routine, noon, tomorrow, inspirational, workweek, horrendous, mondays, appalling",K_work_corporate,1.000000,K_work_corporate(1.000)
289,Jazz Band Intimacy,"music, band, song, musicians, classical, jazz, speakers, songs, instrumental, quartet",B_mutual_intimacy,1.000000,B_mutual_intimacy(1.000)
290,Erotic Nipple Play,"nipples, nipple, breasts, pebble, fabric, firm, erect, lace, clamps, nubs",C_explicit,1.000000,C_explicit(1.000)
291,Labored Breaths,"breath, breathing, deep, ragged, intake, inhales, breaths, labored, heavy, exhale",B_mutual_intimacy,1.000000,B_mutual_intimacy(1.000)
292,Bathroom Hygiene,"shower, bathroom, towel, bath, tub, restroom, toilet, towels, shirt, washing",H_domestic_nesting,1.000000,H_domestic_nesting(1.000)
293,Damaged Relationship Talk,"fixer, total, pained, adviser, elimination, dissertation, charity, forte, damaging, talk",F_negative_affect,1.000000,F_negative_affect(1.000)
294,Shameful Embarrassment,"embarrassing, embarrassed, humiliating, shame, embarrassment, ashamed, pity, disgust, glutton, abject",F_negative_affect,1.000000,F_negative_affect(1.000)
295,Magical Friendship,"spell, bookcrazy, spells, explosion, grateful, friend, scrooge, sheer, command, muck",Z_noise_oog,1.000000,Z_noise_oog(1.000)
296,Office Meetings,"meeting, office, meetings, board, offices, conference, tomorrow, engineering, noon, business",K_work_corporate,1.000000,K_work_corporate(1.000)
297,Arrogant Jerk,"arrogance, cocky, smack, insufferable, jerks, pompous, jerky, sleazebag, prick, stubborn",Z_noise_oog,1.000000,Z_noise_oog(1.000)
298,Edgier Nightlife Encounter,"jail, nightlife, fatherless, haired, lizards, undisclosed, subsidiary, derision, edgier, stocky",J_family_support,1.000000,J_family_support(1.000)
299,Gratitude Gifts,"glad, grateful, proud, thrilled, thankful, excited, gratitude, item, happier, readiness",G_rituals_gifts,1.000000,G_rituals_gifts(1.000)
300,Contract Negotiation,"buts, arguments, contracts, central, argument, success, matter, eye, need",K_work_corporate,1.000000,K_work_corporate(1.000)
301,Seductive Lingerie,"erotic, sexytimes, unnatural, alluring, attractive, seductive, sensual, lingerie, twig, burlesque",O_appearance_aesthetics,1.000000,O_appearance_aesthetics(1.000)
302,Gunplay,"gun, weapon, bullets, pistol, guns, barrel, rifle, gunshot, shotgun, trigger",E_threat_danger,1.000000,E_threat_danger(1.000)
303,Personal Motto,"fullest, motto, occasion, cartoonish, lives, lifetime, adult, goal, purgatory, personal",S_scene_anchor,1.000000,S_scene_anchor(1.000)
304,Taffy Tasting,"jar, barista, trance, taffy, saltwater, supplement, local, mileage, recycling, monkeys",Z_noise_oog,1.000000,Z_noise_oog(1.000)
305,Mannered Recommendation,"best, thing, recommend, quietest, sign, cause, mannered, trait, ruler, commentary",Z_noise_oog,1.000000,Z_noise_oog(1.000)
306,Holiday Laughter,"laughs, laugh, laughter, grins, holidays, giggles, amphitheater, humorous, funniest, khaki",I_humor_lightness,0.500000,"I_humor_lightness(0.500), G_rituals_gifts(0.500)"
307,Favorite Shades,"colors, favorite, yellow, scheme, bright, ones, shade, primary, packets, burgundy",E_threat_danger,1.000000,E_threat_danger(1.000)
308,Confident Bob's Canal Kiss,"confidence, jugular, truest, correct, mcs, reclusive, canal, wrong, proverbial, bobs",Q_miscommunication,0.500000,"Q_miscommunication(0.500), B_mutual_intimacy(0.500)"
309,Contract Dalliance,"contract, contracts, clause, promissory, dalliances, supplier, terms, agreement, semantics, nondisclosure",Z_noise_oog,1.000000,Z_noise_oog(1.000)
310,Feminist Ladies' Experience,"feminine, ladies, feminist, conscious, godawful, experience, needier, calcium, rarer, demographic",Z_noise_oog,1.000000,Z_noise_oog(1.000)
311,Yearlong Cycle,"downs, cycle, yearlong, years, thousands, holiday, times, restoration, chemists, phases",G_rituals_gifts,1.000000,G_rituals_gifts(1.000)
312,Ruffled Morning After,"hair, stubble, forehead, tousled, shaven, scruff, shadow, usual, comb, collar",O_appearance_aesthetics,1.000000,O_appearance_aesthetics(1.000)
313,Adrenaline-Fueled Races,"race, racing, races, deluge, prebuyers, thoroughbred, adrenaline, runners, armpits, downs",Z_noise_oog,1.000000,Z_noise_oog(1.000)
314,Wise Setup,"thing, humane, percent, winner, vague, hunch, setup, wise, assholes, suggestion",Z_noise_oog,1.000000,Z_noise_oog(1.000)
315,Instrumental Gardener,"heck, meaner, gardener, instrumental, controller, treasures, tuxes, trail, dang, combo",Z_noise_oog,1.000000,Z_noise_oog(1.000)
316,Office Romance,"desk, papers, office, chair, monitor, screen, files, paper, stack, seat",P_tech_media,0.500000,"P_tech_media(0.500), K_work_corporate(0.500)"
317,Sensory Intimacy,"scent, smell, perfume, nostrils, shampoo, coconut, lavender, flowers, flowery, sweetness",O_appearance_aesthetics,0.500000,"O_appearance_aesthetics(0.500), G_rituals_gifts(0.500)"
318,Mutual Accomplishment,"sign, marvelous, bloodthirsty, jury, blowjob, productive, heavens, feeling, accomplished, mutual",K_work_corporate,1.000000,K_work_corporate(1.000)
319,Nighttime Carousel Ride,"penguins, buildup, cabs, nightie, carousel, bass, devotion, dent, recipe, device",P_tech_media,0.750000,"P_tech_media(0.750), S_scene_anchor(0.250)"
320,Emotional Turmoil,"better, feeling, queasy, shittier, delusion, energized, feelings, corset, devastation, liberating",Z_noise_oog,1.000000,Z_noise_oog(1.000)
321,Maine's Tolerant Stage,"antidote, maine, entertainment, tolerant, dala, terrorist, endorsement, groupies, buffer, nines",Z_noise_oog,1.000000,Z_noise_oog(1.000)
322,Scornful Lockdown,"head, scornful, lockdown, behavior, fuzz, vulgar, problem, melancholy, road, whiskers",Z_noise_oog,1.000000,Z_noise_oog(1.000)
323,Photo Shoot Intimacy,"cameras, photos, pictures, photographers, camera, photo, photoshoot, note, images, shoot",B_mutual_intimacy,1.000000,B_mutual_intimacy(1.000)
324,Sensory Overload Discussion,"sensory, discussion, overreaction, overeager, cultural, overdone, overkill, trials, vu, overload",Z_noise_oog,1.000000,Z_noise_oog(1.000)
325,Owl's Hopeless Repeats,"owl, repeats, alternatives, hopelessness, presentable, watercolor, glum, passageway, instructs, prod",Z_noise_oog,1.000000,Z_noise_oog(1.000)
326,Earliest Booty Call,"earliest, calls, convenience, alright, callers, formalities, caviar, class, booty, help",P_tech_media,1.000000,P_tech_media(1.000)
327,Prompt Agreement,"nod, prompt, undeniable, guards, reply, agreement, response, chin, conversation, head",Z_noise_oog,1.000000,Z_noise_oog(1.000)
328,Moaning Intimacy,"moan, whimper, moans, loud, moaning, fray, unintelligible, frustration, salvation, unattractive",O_appearance_aesthetics,0.500000,"O_appearance_aesthetics(0.500), F_negative_affect(0.500)"
329,New Parent Intimacy,"dependable, coos, wails, parenting, competent, guardian, formula, squeals, faking, diaper",J_family_support,0.500000,"J_family_support(0.500), R1_protectiveness(0.500)"
330,Giggling Confidante,"confidante, splutters, pleads, stylist, glance, worker, smiles, exhales, giggles, arab",I_humor_lightness,0.333333,"I_humor_lightness(0.333), J_family_support(0.333), K_work_corporate(0.333)"
331,Cocky Shark's Vow,"jambalaya, tremulous, egotistical, presumptuous, shark, vows, cocky, ass, birthright, shitty",A_commitment_hea,1.000000,A_commitment_hea(1.000)
332,Secret Love Affair,"secrets, confidential, secrecy, secretive, discreet, identity, sneaking, sandcastle, kinds, closest",Z_noise_oog,1.000000,Z_noise_oog(1.000)
333,Dangerous Liaison,"weapons, threats, cubicle, affair, conscious, spat, prima, ex, threat, similarities",F_negative_affect,0.500000,"F_negative_affect(0.500), E_threat_danger(0.500)"
334,Earnest Objections,"perfunctory, declarations, objection, resolute, prolonged, expectation, head, salute, iced, earnest",Z_noise_oog,1.000000,Z_noise_oog(1.000)
335,Mutual Outbursts,"cries, redder, yells, sardine, moot, mutters, aide, fistfight, ale, orders",F_negative_affect,1.000000,F_negative_affect(1.000)
336,Alternative Answers,"alternatives, thanks, answer, way",Z_noise_oog,1.000000,Z_noise_oog(1.000)
337,Hasty Presentation,"pointers, metaphor, hasty, boards, deed, lemonade, homework, question, results, presentation",K_work_corporate,1.000000,K_work_corporate(1.000)
338,Roommate Awakening,"freshman, roommate, earful, shrine, messages, awakening, losers, path, standalone, indecent",P_tech_media,1.000000,P_tech_media(1.000)
339,Tense Wait,"ipo, waits, pumps, elections, beat, tandem, bated, cucumber, complimentary, displeased",K_work_corporate,1.000000,K_work_corporate(1.000)
340,Taboo Office Kiss,"mouths, denial, woes, impropriety, tolerant, hypocrisy, cringes, employers, safest, static",B_mutual_intimacy,0.500000,"B_mutual_intimacy(0.500), K_work_corporate(0.500)"
341,Reunion Supplication,"leaving, disrespectful, replacement, reunion, realizations, supplication, threat, coquettish, irritation, issue",A_commitment_hea,0.333333,"A_commitment_hea(0.333), N_separation_reunion(0.333), E_threat_danger(0.333)"
342,Mistaken Encounter,"wrong, wrongs, harbinger, critics, uncharacteristic, peculiar, event, gentlemen, levels, mistaken",Q_miscommunication,1.000000,Q_miscommunication(1.000)
343,Tailored Intimacy,"navy, tie, crisp, shirt, tailored, charcoal, suits, expensive, necktie, usual",D_luxury_wealth_status,1.000000,D_luxury_wealth_status(1.000)
344,Deliberate Pacing,"slow, slower, motion, snail, process, pace, experimentation, pitfalls, weekday, circles",Z_noise_oog,1.000000,Z_noise_oog(1.000)
345,Architectural Charmer,"daft, tramp, charmer, architectural, dense, conclusions, jump, fur, buildings, firm",Z_noise_oog,1.000000,Z_noise_oog(1.000)
346,Passionate Gasps,"admirable, passionate, shortcuts, anxiousness, verb, horrors, postal, conferences, gasps, coldhearted",Z_noise_oog,1.000000,Z_noise_oog(1.000)
347,Passionate Affirmation,yessss,Z_noise_oog,1.000000,Z_noise_oog(1.000)
348,Sales Pitch Seminar,"seminar, geniuses, brochures, clients, spiel, pharmaceuticals, brothel, brochure, challenge, inflection",Z_noise_oog,1.000000,Z_noise_oog(1.000)
349,Beachside Shoulder Caress,"shoulders, weight, dignity, bunch, shoulder, beachside, fall, coil, risks, burden",B_mutual_intimacy,0.750000,"B_mutual_intimacy(0.750), S_scene_anchor(0.250)"
350,Bashful Goddesses,"childhood, months, defensive, sister, clinic, permission, wasteland, decisions, bashful, goddesses",J_family_support,0.500000,"J_family_support(0.500), M_health_recovery(0.500)"
351,Indoor Pool Encounter,"pool, swimming, swim, scum, gene, float, swimmer, cabana, indoor, waterfall",S_scene_anchor,1.000000,S_scene_anchor(1.000)
352,Wrongful Termination,"lawyers, attorney, termination, assets, case, prosecution, wrongful, banker, job, editors",K_work_corporate,1.000000,K_work_corporate(1.000)
353,Regretful Realizations,"regret, regrets, realizations, validity, runny, entree, eon, scandals, liable, things",Z_noise_oog,1.000000,Z_noise_oog(1.000)
354,Threatening Minion,"minion, faintest, freckle, problem, dodge, types, slightest, timing, drugs, threatening",E_threat_danger,1.000000,E_threat_danger(1.000)
355,Sunburned Cheeks,"cheeks, flush, floods, hotter, forest, sunburned, decree, plank, blush, nauseating",Z_noise_oog,1.000000,Z_noise_oog(1.000)
356,Dragon's Battle,"fight, battle, fights, battles, dragons, feud, war, confrontation, fighter, supremacy",Z_noise_oog,1.000000,Z_noise_oog(1.000)
357,Drunken Decadence,"hungover, herculean, whats, accordion, personality, decadence, protest, tv, gallop, imitation",L_vices_addictions,1.000000,L_vices_addictions(1.000)
358,Tabloid Scandal,"earful, victorious, tabloids, goal, local, magnanimous, stag, finite, performances, placid",P_tech_media,1.000000,P_tech_media(1.000)
360,Relaxing Interlude,"rest, relaxing, relaxed, relaxation, averse, awash, peace, moping, minute, exhibit",Z_noise_oog,1.000000,Z_noise_oog(1.000)
361,Adventurous Consultants,"glad, proud, excited, grateful, wonderful, talented, consultants, sentiments, endeavor, adventurous",Z_noise_oog,1.000000,Z_noise_oog(1.000)
362,Cute Nephew's Shop,"adorable, cutest, nephew, schnoodle, juvenile, human, immature, shops, lethal, omg",Z_noise_oog,1.000000,Z_noise_oog(1.000)
363,Webcam Flirtation,"owners, webcam, goofball, prophecy, blankness, relationships, nightclubs, version, lows, connection",P_tech_media,1.000000,P_tech_media(1.000)
364,Distance Excuses,"distance, excuses, easier, reminder, role, choice, existent, warehouses, recluse, fictional",N_separation_reunion,1.000000,N_separation_reunion(1.000)
365,Mirror Glance,"mirror, reflection, bathroom, mirrors, glance, length, look, haggard, sink, hoodie",O_appearance_aesthetics,0.500000,"O_appearance_aesthetics(0.500), H_domestic_nesting(0.500)"
366,Kitchen Squabble,"scowl, beeping, beeps, crews, spelling, bees, smoothie, avocado, bananas, crackers",H_domestic_nesting,1.000000,H_domestic_nesting(1.000)
367,Unwritten Privacy,"privacy, safer, invasion, protection, safety, duty, secure, footprint, unwritten, identities",R1_protectiveness,1.000000,R1_protectiveness(1.000)
