topic_id,label,keywords,category,weight,is_primary
0,Promising Career Partnership,"means, idea, promise, work, help, better, true, deal, today, game",K_work_corporate,0.375000,True
0,Promising Career Partnership,"means, idea, promise, work, help, better, true, deal, today, game",A_commitment_hea,0.375000,False
0,Promising Career Partnership,"means, idea, promise, work, help, better, true, deal, today, game",S_scene_anchor,0.250000,False
1,Erotic Intimacy,"hips, tongue, breasts, mouth, body, arms, neck, thighs, nipples, hand",C_explicit,1.000000,True
2,Erotic Intimacy,"clit, pussy, tongue, hips, legs, mouth, neck, lip, lower, thighs",C_explicit,1.000000,True
3,Shared Meals and Snacks,"dinner, food, lunch, breakfast, bakery, chicken, sandwich, meal, dessert, hungry",H_domestic_nesting,1.000000,True
4,Long-Term Relationship Milestones,"way, years, matter, things, able, relationship, place, thing, feelings, kind",Z_noise_oog,1.000000,True
5,Career Changes Over Time,"week, years, job, fallen, days, times, months, able, things, different",K_work_corporate,0.750000,True
5,Career Changes Over Time,"week, years, job, fallen, days, times, months, able, things, different",S_scene_anchor,0.250000,False
6,Drunken Encounters,"wine, sip, bottle, drunk, whiskey, waiter, scotch, alcohol, cup, drinks",L_vices_addictions,1.000000,True
7,Navigating Relationship Challenges,"problem, deal, idea, point, luck, choice, true, fault, necessary, need",Z_noise_oog,1.000000,True
8,Misunderstandings and Miscommunication,"wrong, thought, able, feelings, course, control, choice, things, deal, words",Q_miscommunication,0.500000,True
8,Misunderstandings and Miscommunication,"wrong, thought, able, feelings, course, control, choice, things, deal, words",P_tech_media,0.500000,False
9,Marriage and Divorce,"married, wedding, marriage, divorce, divorced, ceremony, planner, arranged, honeymoon, planning",G_rituals_gifts,0.500000,True
9,Marriage and Divorce,"married, wedding, marriage, divorce, divorced, ceremony, planner, arranged, honeymoon, planning",A_commitment_hea,0.500000,False
10,Approaching the Love Nest,"door, doors, knock, hallway, stairs, elevators, floor, lock, button, lobby",S_scene_anchor,1.000000,True
11,Dinner Date,"wine, kitchen, plate, sip, waitress, bottle, cup, mug, dinner, food",H_domestic_nesting,1.000000,True
12,Tender Kisses and Intimacy,"kisses, tongue, mouth, neck, leans, lip, soft, lower, tender, forehead",B_mutual_intimacy,1.000000,True
13,Playful Flirting,"smile, laugh, laughs, grin, eyebrows, giggles, laughter, small, eyebrow, bright",I_humor_lightness,0.500000,True
13,Playful Flirting,"smile, laugh, laughs, grin, eyebrows, giggles, laughter, small, eyebrow, bright",O_appearance_aesthetics,0.500000,False
14,Genuine Smiles and Laughter,"smile, smiles, grin, grins, laughter, gleam, corners, crooked, genuine, mouth",I_humor_lightness,1.000000,True
15,Erotic Encounter,"clit, hips, pussy, legs, thighs, erection, waist, thigh, panties, hand",C_explicit,1.000000,True
16,Family Generations,"parents, older, fathers, children, kids, grandson, years, uncles, youngest, dads",J_family_support,1.000000,True
19,Physical Arousal and Tension,"stomach, chest, blood, veins, temples, spine, belly, adrenaline, heartbeat, tingle",Z_noise_oog,1.000000,True
20,Intense Eye Contact,"gaze, stare, stares, eye, features, glare, expression, brows, head, attention",O_appearance_aesthetics,1.000000,True
21,Car Chase and Pursuit,"car, driver, parking, cars, driveway, suv, curb, cab, drive, vehicle",S_scene_anchor,1.000000,True
22,Controlling Partner and Power Struggles,"control, thought, thing, prepared, choice, deal, wrong, problem, way, effort",Q_miscommunication,1.000000,True
23,Cozy Cabin Interior,"board, mug, arm, chair, hand, lodge, table, tone, room, position",H_domestic_nesting,0.500000,True
23,Cozy Cabin Interior,"board, mug, arm, chair, hand, lodge, table, tone, room, position",K_work_corporate,0.500000,False
24,Late-Night Text Messages,"rings, buzzes, pocket, screen, cellphone, nightstand, message, purse, phones, vibrates",P_tech_media,1.000000,True
25,Playful Laughter and Smiles,"smile, laugh, laughter, grin, burst, forced, lip, loud, goofy, cheeks",I_humor_lightness,1.000000,True
26,Nighttime Fun,"tonight, night, evening, nights, stand, nighttime, fun, different, best, middle",Z_noise_oog,1.000000,True
27,Navigating Spaces,"door, doors, car, stairs, purse, hall, button, elevators, lock, knob",S_scene_anchor,1.000000,True
28,Decision-Making Dilemmas,"complication, choice, guacamole, mind, things, matter, material, question, fact, invitation",Z_noise_oog,1.000000,True
29,Time Passes,"minutes, weeks, months, days, week, hours, years, month, seconds, hour",Z_noise_oog,1.000000,True
30,Sports Rivalry,"game, hockey, puck, players, games, player, teams, goalie, goal, baseball",Z_noise_oog,1.000000,True
31,Shopping for Love,"clothes, outfit, wardrobe, clothing, outfits, tomorrow, selling, different, fashion, compatible",O_appearance_aesthetics,1.000000,True
32,Hesitant Interactions,"offense, say, answer, head, worries, intercourse, plans, word, question, hesitation",C_explicit,1.000000,True
33,Corporate Ambition,"business, company, dollars, job, investment, cost, profit, paycheck, income, bank",K_work_corporate,0.500000,True
33,Corporate Ambition,"business, company, dollars, job, investment, cost, profit, paycheck, income, bank",D_luxury_wealth_status,0.500000,False
34,Hunting Trip with Eclectic Attendees,"cards, archery, chips, shoulder, half, eclectic, direction, attendees, hunting, wary",S_scene_anchor,1.000000,True
35,"{ ""label"": ""Unspoken Tension","silent, beat, descends, awkward, moment, unspoken, minutes, uncomfortable, companionable, ride",S_scene_anchor,1.000000,True
36,Physical Altercation,"knees, feet, fists, arms, foot, shuffle, fist, sides, legs, heels",Z_noise_oog,1.000000,True
37,Absurd Characters and Situations,"ridiculous, insane, fool, dumbass, outrageous, assholes, insanity, idiots, stupidest, absurd",F_negative_affect,1.000000,True
38,Intense Eye Contact,"gaze, glare, look, glance, expression, chin, eye, head, brows, moment",O_appearance_aesthetics,1.000000,True
39,Intimate Kissing,"lip, teeth, nose, tongue, mouth, bridge, cheek, moan, lower, saliva",B_mutual_intimacy,1.000000,True
40,Workplace Drama and Misunderstandings,"job, upset, community, manager, awesome, weeks, friend, wrong, best, thing",K_work_corporate,0.500000,True
40,Workplace Drama and Misunderstandings,"job, upset, community, manager, awesome, weeks, friend, wrong, best, thing",Q_miscommunication,0.500000,False
41,Picky Partner's Regret,"ready, heartless, ashamed, wrong, scared, picky, type, human, proud, cleaners",F_negative_affect,0.375000,True
41,Picky Partner's Regret,"ready, heartless, ashamed, wrong, scared, picky, type, human, proud, cleaners",Q_miscommunication,0.375000,False
41,Picky Partner's Regret,"ready, heartless, ashamed, wrong, scared, picky, type, human, proud, cleaners",S_scene_anchor,0.250000,False
42,First Time Intimacy,"sexual, intimate, virginity, intimacy, sexuality, just, unprotected, meaningless, sexiest, thing",B_mutual_intimacy,1.000000,True
43,Preparing for Work,"ready, aware, prepared, research, reason, terminology, today, user, giver, work",K_work_corporate,1.000000,True
44,Protective Stepmom,"stepmother, moms, motherhood, jackass, proud, children, ass, undivided, esteem, things",J_family_support,0.500000,True
44,Protective Stepmom,"stepmother, moms, motherhood, jackass, proud, children, ass, undivided, esteem, things",R1_protectiveness,0.500000,False
45,Domestic Nesting and Toys,"thing, things, bearded, stuff, peace, best, point, growling, sample, toys",Z_noise_oog,1.000000,True
46,Flirtatious Glances and Attraction,"pickup, oaks, linemen, glance, scoundrel, gaze, attraction, glint, hand, biscuit",O_appearance_aesthetics,1.000000,True
47,Beauty Routines and Allure,"hair, makeup, mascara, lipstick, nape, hairs, rises, bun, strand, neck",S_scene_anchor,1.000000,True
48,Calming Breaths in Stressful Moments,"breath, lungs, deep, breathing, breaths, air, catches, oxygen, shaky, calm",B_mutual_intimacy,1.000000,True
49,"{
  ""label"": ""New Parenthood and Babysitter""","babysitter, healthy, infant, months, outsiders, fetal, epidural, unprotected, inflated, coos",M_health_recovery,0.500000,True
49,"{
  ""label"": ""New Parenthood and Babysitter""","babysitter, healthy, infant, months, outsiders, fetal, epidural, unprotected, inflated, coos",J_family_support,0.500000,False
50,Careful Consideration,"idea, help, clue, mind, problem, thought, control, wrong, careful, reason",Q_miscommunication,0.750000,True
50,Careful Consideration,"idea, help, clue, mind, problem, thought, control, wrong, careful, reason",S_scene_anchor,0.250000,False
51,Medical Crisis and Support,"clinic, tremulous, friend, sister, physician, results, unable, expression, wept, years",M_health_recovery,0.500000,True
51,Medical Crisis and Support,"clinic, tremulous, friend, sister, physician, results, unable, expression, wept, years",J_family_support,0.500000,False
52,Unethical Nerd's Awkward Conquest,"event, masculine, unethical, nerd, plenty, graveled, problem, humorless, thought, conquer",I_humor_lightness,1.000000,True
53,Fashion Showcase,"dress, dresses, panties, skirt, lace, heels, gown, stilettos, blouse, underwear",O_appearance_aesthetics,1.000000,True
54,Persistent Communication,"rang, message, screen, pocket, rings, texts, ear, ringing, numbers, voicemail",P_tech_media,1.000000,True
55,BDSM Relationship Dynamics,"gratification, means, course, world, dominatrix, pretenses, spc, thing, sexual, devices",C_explicit,0.500000,True
55,BDSM Relationship Dynamics,"gratification, means, course, world, dominatrix, pretenses, spc, thing, sexual, devices",P_tech_media,0.500000,False
56,Sleep Deprivation and Nighttime Intimacy,"sleep, asleep, nap, hours, night, lack, tired, nights, hour, insomnia",F_negative_affect,1.000000,True
57,Bathroom Intimacy,"shower, bathroom, bath, tub, toilet, bathtub, showers, restroom, spray, stall",H_domestic_nesting,1.000000,True
58,Attractive Spectator,"stunning, attractive, sweeter, spectator, sweetness, ly, talented, wonderful, thing, aesthetic",O_appearance_aesthetics,1.000000,True
59,Non-Verbal Communication,"smiles, replies, laughs, glares, mutters, widen, looks, listens, calls, stares",I_humor_lightness,0.333333,True
59,Non-Verbal Communication,"smiles, replies, laughs, glares, mutters, widen, looks, listens, calls, stares",O_appearance_aesthetics,0.333333,False
59,Non-Verbal Communication,"smiles, replies, laughs, glares, mutters, widen, looks, listens, calls, stares",P_tech_media,0.333333,False
60,Office Romance,"ceos, employee, bosses, board, company, manager, job, chief, rule, work",K_work_corporate,1.000000,True
61,Apology and Forgiveness,"forgive, sorry, apology, forgiveness, apologies, things, need, rule, way, honeycomb",T_repair_apology,1.000000,True
62,Careful Courtship: Learning and Deception,"months, chess, situation, careful, opposite, lessons, imposter, days, lie, month",Q_miscommunication,0.750000,True
62,Careful Courtship: Learning and Deception,"months, chess, situation, careful, opposite, lessons, imposter, days, lie, month",S_scene_anchor,0.250000,False
63,Deceptive Lovers,"lie, lies, deception, truths, outright, omission, total, consummate, cheater, faults",Q_miscommunication,1.000000,True
64,Murder Mystery Investigation,"questions, answers, murder, builds, request, door, hand, deal, course, robot",E_threat_danger,0.750000,True
64,Murder Mystery Investigation,"questions, answers, murder, builds, request, door, hand, deal, course, robot",S_scene_anchor,0.250000,False
65,Redemption and Correcting Past Mistakes,"correct, redemption, corrects, explosion, urn, equation, appearances, understatement, claims, phrase",O_appearance_aesthetics,1.000000,True
66,Uncomfortable Encounters,"giggled, friend, breath, buckles, numb, moan, vulgar, sickening, bluff, alternative",B_mutual_intimacy,1.000000,True
67,Married Couple's Affectionate Moments,"nods, tenses, looks, stares, sister, smiles, rosy, married, aisle, happiness",I_humor_lightness,0.250000,True
67,Married Couple's Affectionate Moments,"nods, tenses, looks, stares, sister, smiles, rosy, married, aisle, happiness",O_appearance_aesthetics,0.250000,False
67,Married Couple's Affectionate Moments,"nods, tenses, looks, stares, sister, smiles, rosy, married, aisle, happiness",J_family_support,0.250000,False
67,Married Couple's Affectionate Moments,"nods, tenses, looks, stares, sister, smiles, rosy, married, aisle, happiness",A_commitment_hea,0.250000,False
68,Historical Romance: Grand Estates,"percent, scale, fourth, century, grand, seventh, knocks, fifth, pounds, ninth",Z_noise_oog,1.000000,True
69,Physical Pain and Guilt,"hurts, guilt, painful, painkillers, guilty, injury, agony, ache, physical, gut",M_health_recovery,0.500000,True
69,Physical Pain and Guilt,"hurts, guilt, painful, painkillers, guilty, injury, agony, ache, physical, gut",F_negative_affect,0.500000,False
70,Rescuing Hairless Kittens,"kittens, delivery, purr, claws, hairless, cheshire, lap, pasty, paw, rescue",Z_noise_oog,1.000000,True
71,Ringing Cellphone,"pocket, cellphone, rang, screen, message, ringing, jacket, rings, table, button",P_tech_media,1.000000,True
72,Corporate Hockey Rivalry,"hockey, game, bankers, router, corporate, general, offer, box, division, checkpoint",K_work_corporate,1.000000,True
73,Rare Love in Desolate Places,"rarity, desolate, special, happiness, insane, superficial, acquaintances, comment, emotions, devotion",Z_noise_oog,1.000000,True
74,Sports Romance,"fact, second, amazed, night, years, eyebrows, game, stunned, feeling, stadium",O_appearance_aesthetics,1.000000,True
75,Intimate Spaces,"bed, bedroom, couch, sheets, sofa, covers, pillows, mattress, edge, room",H_domestic_nesting,1.000000,True
76,Whispered Secrets and Intimate Promises,"whisper, murmur, whispers, breathy, meek, sacred, lavender, steam, disaster, prick",B_mutual_intimacy,1.000000,True
77,Deliberating Couple,"tone, plans, puzzled, question, matter, decision, today, paperwork, concern, flourish",K_work_corporate,1.000000,True
78,Engaged Couple's Tender Moments,"cups, gaze, brushing, arm, expression, engagement, hand, grabs, tightens, bellamy",O_appearance_aesthetics,0.333333,True
78,Engaged Couple's Tender Moments,"cups, gaze, brushing, arm, expression, engagement, hand, grabs, tightens, bellamy",B_mutual_intimacy,0.333333,False
78,Engaged Couple's Tender Moments,"cups, gaze, brushing, arm, expression, engagement, hand, grabs, tightens, bellamy",A_commitment_hea,0.333333,False
79,Emotional Grandmother's Reaction,"rule, grandmother, cries, wide, saucers, moment, personality, mutters, chairs, awesome",J_family_support,1.000000,True
80,Sports Romance: Hockey Players and Office Lovesick,"hockey, players, goalie, scrum, offs, reminders, millionth, office, lovesick, degree",K_work_corporate,1.000000,True
81,Family Gathering,"parents, children, kids, families, aunts, uncles, want, parenting, traditional, cousins",J_family_support,1.000000,True
82,Heroine's Fears and Anxieties,"scared, afraid, sad, terrifying, scary, frightening, frightened, fears, sadness, phobia",F_negative_affect,0.750000,True
82,Heroine's Fears and Anxieties,"scared, afraid, sad, terrifying, scary, frightening, frightened, fears, sadness, phobia",S_scene_anchor,0.250000,False
83,Animal Companions,"goats, dogs, animal, puppies, animals, sheep, pet, lion, pets, herd",Z_noise_oog,1.000000,True
84,Narcissistic Drama in Marriage,"behavior, narcissistic, drama, seminar, afraid, marriage, lack, times, gun, explosion",E_threat_danger,0.500000,True
84,Narcissistic Drama in Marriage,"behavior, narcissistic, drama, seminar, afraid, marriage, lack, times, gun, explosion",A_commitment_hea,0.500000,False
85,Sports Competition and Triumph,"course, honest, snatchers, finalists, victories, yesss, glorified, best, bum, coulda",Z_noise_oog,1.000000,True
86,Apartment Hunting,"rent, lease, city, rental, monthly, landlord, week, yorker, space, month",N_separation_reunion,1.000000,True
87,Unwanted Attention in the Dating World,"caveman, league, unfulfilled, unsolicited, detectives, inner, unmade, celibate, course, escort",Z_noise_oog,1.000000,True
88,Apologetic Performance Review,"performance, sorry, train, memo, today, opportunity, anniversaries, perfection, realms, tartare",T_repair_apology,1.000000,True
89,Dark Methods of Survival,"hate, dislike, method, survival, perverse, word, person, things, particular, uniform",E_threat_danger,1.000000,True
90,Medical Professionals and Hospital Scenes,"hospital, surgeon, surgery, doctors, trauma, medical, appointment, clinic, operating, specialist",M_health_recovery,1.000000,True
91,Repressed Memories,"memories, memory, childhood, vivid, ones, flashback, repressed, years, newer, events",Z_noise_oog,1.000000,True
92,Cozy Home Interior,"furniture, fireplace, ceiling, windows, chairs, floors, wood, walls, floor, ceilings",H_domestic_nesting,1.000000,True
93,Family Feuds and Heartfelt Apologies,"parents, apologies, sister, ex, brogue, woozy, daughter, shameless, fault, acquisition",T_repair_apology,0.333333,True
93,Family Feuds and Heartfelt Apologies,"parents, apologies, sister, ex, brogue, woozy, daughter, shameless, fault, acquisition",F_negative_affect,0.333333,False
93,Family Feuds and Heartfelt Apologies,"parents, apologies, sister, ex, brogue, woozy, daughter, shameless, fault, acquisition",J_family_support,0.333333,False
94,Angry Outbursts,"anger, rage, blood, frustration, temper, veins, stomach, laces, guts, flares",F_negative_affect,1.000000,True
95,Workaholic Boss's Evening Routine,"worlds, spending, personal, client, fib, work, trauma, tyrant, evening, best",M_health_recovery,0.500000,True
95,Workaholic Boss's Evening Routine,"worlds, spending, personal, client, fib, work, trauma, tyrant, evening, best",K_work_corporate,0.500000,False
96,Whispered Promises,"whispers, whisper, ear, plea, soft, someday, husky, blessed, low, breathy",B_mutual_intimacy,1.000000,True
97,Eyes Fluttering in Love,"closed, eyelids, shut, sockets, vision, flutter, eyeballs, wide, surroundings, accord",Z_noise_oog,1.000000,True
98,Engagement Announcement and Parental Concerns,"engagement, pudding, granite, parents, warning, conversation, ugliest, pickles, shards, topic",J_family_support,0.500000,True
98,Engagement Announcement and Parental Concerns,"engagement, pudding, granite, parents, warning, conversation, ugliest, pickles, shards, topic",A_commitment_hea,0.500000,False
99,Desirable Vices and Regrets,"vacuum, mezcal, pangs, turd, unfiltered, desirable, understandable, yesterday, apparent, wishes",Z_noise_oog,1.000000,True
100,Romantic Gestures with Flowers,"roses, flowers, bouquet, florist, petals, yellow, lilies, vase, daisies, dozen",G_rituals_gifts,0.500000,True
100,Romantic Gestures with Flowers,"roses, flowers, bouquet, florist, petals, yellow, lilies, vase, daisies, dozen",A_commitment_hea,0.500000,False
101,Witty Writer's Love Letters,"library, letters, kleenex, writer, sister, comebacks, acerbic, bit, pert, tragic",I_humor_lightness,0.500000,True
101,Witty Writer's Love Letters,"library, letters, kleenex, writer, sister, comebacks, acerbic, bit, pert, tragic",J_family_support,0.500000,False
102,Tense Hair Tugging,"hair, strands, grip, strand, handful, hand, threads, tugs, grabs, lock",O_appearance_aesthetics,1.000000,True
103,Explicit Intimacy,"nude, nudes, nakedness, stark, wet, half, alleged, bed, body, clothes",H_domestic_nesting,0.500000,True
103,Explicit Intimacy,"nude, nudes, nakedness, stark, wet, half, alleged, bed, body, clothes",O_appearance_aesthetics,0.500000,False
104,Sustainable Living with Family,"pigeon, helpful, sustainable, excited, cork, answers, indecent, pitiful, chimes, sister",J_family_support,1.000000,True
105,Urban Exploration and Spontaneous Dates,"hurry, pro, trade, location, places, place, tripping, rule, area, popcorn",Z_noise_oog,1.000000,True
106,Simple Nighttime Routine,"lines, easy, understandable, item, idea, night",Z_noise_oog,1.000000,True
107,Debating the Meaning of Love,"matter, sense, true, work, pundits, case, difference, failure, alert, reason",K_work_corporate,1.000000,True
108,Eternal Love and Commitment,"fall, true, fickle, kind, loves, souls, epic, significant, important, thing",A_commitment_hea,1.000000,True
109,Eligible Millionaire,"wealthy, richest, millionaire, eligible, wealthiest, wealth, world, businessman, male, dollar",K_work_corporate,0.500000,True
109,Eligible Millionaire,"wealthy, richest, millionaire, eligible, wealthiest, wealth, world, businessman, male, dollar",D_luxury_wealth_status,0.500000,False
110,Confused Lover's Apology,"listening, reply, feverish, confusion, mort, upfront, pun, pep, unblinking, angrier",M_health_recovery,0.500000,True
110,Confused Lover's Apology,"listening, reply, feverish, confusion, mort, upfront, pun, pep, unblinking, angrier",T_repair_apology,0.500000,False
111,Disturbing Dreams and Fantasies,"dreams, nightmare, dreaming, nightmares, true, worst, vivid, fantasies, pipe, dreamy",F_negative_affect,1.000000,True
112,Snowy Weather,"rain, winter, wet, chilly, icy, flakes, colder, glacier, sky, snowy",Z_noise_oog,1.000000,True
113,"{ ""label"": ""Determined Sister's","drugs, curious, sister, sad, determined, skinny, incidents, clean, cigarette, tabloid",F_negative_affect,0.333333,True
113,"{ ""label"": ""Determined Sister's","drugs, curious, sister, sad, determined, skinny, incidents, clean, cigarette, tabloid",J_family_support,0.333333,False
113,"{ ""label"": ""Determined Sister's","drugs, curious, sister, sad, determined, skinny, incidents, clean, cigarette, tabloid",P_tech_media,0.333333,False
114,Reluctant Proposal,"choices, deter, reluctance, ideal, brief, assistants, gut, expectations, speech, approval",A_commitment_hea,1.000000,True
115,Celebrity Golf Weekend,"golf, years, talk, winced, celebrity, thoughtful, instigator, break, weekend, problems",Z_noise_oog,1.000000,True
116,Marriage of Convenience,"important, condition, second, ways, dependent, thing, word, arrangement, imposter, relatable",A_commitment_hea,1.000000,True
117,Constant Criticism,"hate, dislike, hatred, gravity, guts, mention, constant, rhubarb, shucks, capable",Z_noise_oog,1.000000,True
118,Public Relations and Image Management,"publicity, knows, forthcoming, deal, position, impression, board, antics, nation, turn",K_work_corporate,1.000000,True
119,Flirtatious Communication and Body Language,"snaps, replies, epitome, runners, whispers, barks, potion, unapologetic, gestures, smiles",I_humor_lightness,0.333333,True
119,Flirtatious Communication and Body Language,"snaps, replies, epitome, runners, whispers, barks, potion, unapologetic, gestures, smiles",B_mutual_intimacy,0.333333,False
119,Flirtatious Communication and Body Language,"snaps, replies, epitome, runners, whispers, barks, potion, unapologetic, gestures, smiles",P_tech_media,0.333333,False
120,Inability to Express Love,"string, parts, unable, word",Z_noise_oog,1.000000,True
121,Smooth Travel Planning,"better, easier, smoother, sakes, option, ideal, worlds, pair, trips, convenient",Z_noise_oog,1.000000,True
122,Dangerous Informant Mission,"mission, information, informant, descriptions, friend, fight, poetry, gun, contracts, conscience",F_negative_affect,0.500000,True
122,Dangerous Informant Mission,"mission, information, informant, descriptions, friend, fight, poetry, gun, contracts, conscience",E_threat_danger,0.500000,False
123,Law Enforcement and Protection,"police, cops, guard, cop, ambulance, guards, paramedics, station, officers, uniform",K_work_corporate,0.333333,True
123,Law Enforcement and Protection,"police, cops, guard, cop, ambulance, guards, paramedics, station, officers, uniform",E_threat_danger,0.333333,False
123,Law Enforcement and Protection,"police, cops, guard, cop, ambulance, guards, paramedics, station, officers, uniform",R1_protectiveness,0.333333,False
124,Surprise Engagement,"engagement, stunt, instances, cheeks, ex, flushed, parents, surprise, weakness, relationship",J_family_support,0.500000,True
124,Surprise Engagement,"engagement, stunt, instances, cheeks, ex, flushed, parents, surprise, weakness, relationship",A_commitment_hea,0.500000,False
125,Air Travel,"flight, plane, jet, airport, helicopter, pilot, runway, airline, planes, airplane",S_scene_anchor,1.000000,True
126,"{ ""label"": ""Sarcastic Rivalry","jackass, hog, sardonic, shot, loyal, glance, brows, unqualified, boat, effect",O_appearance_aesthetics,0.750000,True
126,"{ ""label"": ""Sarcastic Rivalry","jackass, hog, sardonic, shot, loyal, glance, brows, unqualified, boat, effect",S_scene_anchor,0.250000,False
127,Emotional Turmoil,"panic, emotions, emotional, attack, attacks, hysteria, unease, excited, dread, sadness",F_negative_affect,1.000000,True
128,Simple Tasks and Comparisons,"easy, simple, straightforward, peasy, natural, easiest, comparison, target, task, introductory",Z_noise_oog,1.000000,True
129,Condom Management,"condom, condoms, wrapper, packet, wallet, nightstand, expired, drawer, pocket, package",C_explicit,1.000000,True
130,Reluctant Suitor's Persuasion,"prospect, unconvinced, news, stamina, sister, burden, idea, whispery, question, insane",J_family_support,1.000000,True
131,Intimate Confessions and Protective Bodyguards,"grunts, tenses, inhales, values, honesty, pleads, morals, merger, joined, bodyguards",R1_protectiveness,1.000000,True
133,Erotic Breast Play,"nipple, nipples, breasts, breast, cups, thumbs, tongue, thumb, mouth, hardened",C_explicit,1.000000,True
134,Curious Crush on Campus Philanthropist,"necks, curious, breakthroughs, campus, crush, sister, philanthropist, demeanor, friendly, debt",J_family_support,1.000000,True
135,Beachside Romance,"sun, sky, beach, clouds, horizon, sand, ocean, sunset, orange, sea",S_scene_anchor,1.000000,True
136,Exciting Diversions with Guys,"fun, excited, excitement, entertaining, uncomplicated, diversion, thrill, stressful, lot, guys",Z_noise_oog,1.000000,True
137,Public Figure's Love Life,"offspring, protocol, publicist, understandable, qualified, apparent, blessed, busy, circumstances, generous",Z_noise_oog,1.000000,True
138,Sports and Games in Romance,"sailors, archery, cards, tapes, arrows, broccoli, pact, olympics, feisty, trainer",S_scene_anchor,1.000000,True
139,Nervous Public Speaking,"brass, stammers, weakly, problem, questions, ibits, gum, course, commands, standard",Z_noise_oog,1.000000,True
140,Awkward Office Interactions,"stammers, stares, statements, peas, dirt, coffin, mail, older, cheeky, memo",K_work_corporate,1.000000,True
141,Urgent Pursuit,rush,Z_noise_oog,1.000000,True
142,Kitchen Nesting,"kitchen, fridge, cabinets, appliances, counter, stainless, countertops, dishes, kitchens, dishwasher",H_domestic_nesting,0.500000,True
142,Kitchen Nesting,"kitchen, fridge, cabinets, appliances, counter, stainless, countertops, dishes, kitchens, dishwasher",D_luxury_wealth_status,0.500000,False
143,Small Talk and Messaging,"conversation, talk, conversations, discussion, particulars, simple, lot, messaging, pep, small",Z_noise_oog,1.000000,True
144,Navigating Dating Dilemmas,"dates, official, service, apps, dilemma, calendar, strings, narcissists, histories, inconsistencies",Z_noise_oog,1.000000,True
145,Revolutionary Romance: Supplication and Purpose,"course, options, supplication, revolutionary, adversary, individuals, purpose, country, era, champ",Z_noise_oog,1.000000,True
146,Cozy Bedtime Intimacy,"bed, mattress, bedroom, sheets, covers, edge, blankets, pillow, blanket, legs",H_domestic_nesting,0.500000,True
146,Cozy Bedtime Intimacy,"bed, mattress, bedroom, sheets, covers, edge, blankets, pillow, blanket, legs",B_mutual_intimacy,0.500000,False
147,Fortunate in Love,"luck, luckiest, perfection, fortunate, fit, solution, unlucky, today, miracle, immaculate",Z_noise_oog,1.000000,True
148,Holiday Celebrations,"holiday, parties, holidays, presents, christmases, celebration, gala, decorations, victorian, annual",G_rituals_gifts,1.000000,True
149,Disappointed Colleagues,"manager, recall, buddies, frowned, gathering, dejected, moment, gem, friend, distraction",K_work_corporate,0.500000,True
149,Disappointed Colleagues,"manager, recall, buddies, frowned, gathering, dejected, moment, gem, friend, distraction",P_tech_media,0.500000,False
150,Dramatic Deflections in Skincare Industry,"industries, fault, dramatic, skincare, type, detour, crap, flashback, statement, deflect",S_scene_anchor,1.000000,True
151,Business Negotiations,"talk, trickle, technique, deal, strategy, cool, auction, straight, hypotheticals, aids",K_work_corporate,0.500000,True
151,Business Negotiations,"talk, trickle, technique, deal, strategy, cool, auction, straight, hypotheticals, aids",P_tech_media,0.500000,False
152,Unsure Glances at the Market,"gaze, hesitates, grandmother, stares, market, glances, moment, photo, hint, mere",J_family_support,0.500000,True
152,Unsure Glances at the Market,"gaze, hesitates, grandmother, stares, market, glances, moment, photo, hint, mere",O_appearance_aesthetics,0.500000,False
153,Unusual Situations,"odd, confusing, complicated, weirdest, surprising, strangest, peculiar, bizarre, ironic, thing",Z_noise_oog,1.000000,True
154,Unplanned Pregnancy,"pregnancy, test, unplanned, weeks, months, birth, conception, injection, childbirth, maternity",J_family_support,1.000000,True
155,Whispered Intimacy and Fear,"whispers, whisper, ear, husky, frightened, breath, iud, cellulite, handset, knuckles",F_negative_affect,0.500000,True
155,Whispered Intimacy and Fear,"whispers, whisper, ear, husky, frightened, breath, iud, cellulite, handset, knuckles",B_mutual_intimacy,0.500000,False
156,Trust Issues and Instincts,"trust, trustworthy, issues, able, instincts, circle, gut, web, means, anchor",Z_noise_oog,1.000000,True
157,Unexpected Barroom Encounter,"segue, wordless, sudden, workshop, memo, tousled, days, moment, warmth, barroom",K_work_corporate,0.750000,True
157,Unexpected Barroom Encounter,"segue, wordless, sudden, workshop, memo, tousled, days, moment, warmth, barroom",S_scene_anchor,0.250000,False
158,Unexpected Reunion in the Hamptons,"truffle, jaw, comeback, weirdest, asap, road, unblinking, look, breathless, hamptons",N_separation_reunion,0.500000,True
158,Unexpected Reunion in the Hamptons,"truffle, jaw, comeback, weirdest, asap, road, unblinking, look, breathless, hamptons",A_commitment_hea,0.500000,False
159,Nervous Proposal,"plea, innings, response, hesitation, awesome, chimes, colorful, kids, nod, things",J_family_support,0.500000,True
159,Nervous Proposal,"plea, innings, response, hesitation, awesome, chimes, colorful, kids, nod, things",A_commitment_hea,0.500000,False
160,Anxious Anticipation,"tears, panic, cheeks, stomach, tear, hips, belly, unshed, shivers, corners",F_negative_affect,1.000000,True
161,Admiring the Leading Man,"actor, nicest, qualities, intelligent, excellent, best, lot, breakthroughs, brilliant, lad",Z_noise_oog,1.000000,True
162,Descriptive Fashion and Intimacy,"skirt, dress, breasts, nipples, curves, fabric, panties, lace, blouse, thigh",C_explicit,0.500000,True
162,Descriptive Fashion and Intimacy,"skirt, dress, breasts, nipples, curves, fabric, panties, lace, blouse, thigh",O_appearance_aesthetics,0.500000,False
163,Redemption and Second Chances,"redemption, contemporary, blur, favorite, alleged, orgies, inch, duckling, duchess, fodder",Z_noise_oog,1.000000,True
164,Electric Moments of Connection,"gazes, moment, air, swirls, crackles, connection, connected, glance, bodies, glances",O_appearance_aesthetics,1.000000,True
165,Hushed Whispers and Breaking Voices,"cracks, muffled, murmur, shaky, soft, sound, louder, breaks, low, huskier",B_mutual_intimacy,1.000000,True
166,Angry Confrontation in the Bathroom,"yell, shouting, exasperation, sirens, anger, ambulance, catnap, counterpart, bathroom, undiluted",H_domestic_nesting,0.500000,True
166,Angry Confrontation in the Bathroom,"yell, shouting, exasperation, sirens, anger, ambulance, catnap, counterpart, bathroom, undiluted",F_negative_affect,0.500000,False
167,Intense Sexual Pleasure,"orgasms, climax, rips, orgasmic, body, intense, wave, pulses, pleasure, waves",C_explicit,1.000000,True
168,Relationship Transformation,"change, changes, mind, topic, things, subject, dynamics, transformation, priorities, chop",Z_noise_oog,1.000000,True
169,High-Stakes Temptation,"risky, stake, low, risk, responsibility, temptation, expensive, busy, squabbling, toodles",D_luxury_wealth_status,1.000000,True
170,Reluctant Admissions,"winces, thanks, noon, analogies, prudish, nevermind, skills, actuality, nother, recreational",Z_noise_oog,1.000000,True
171,Intimate Bedtime,"bed, mattress, bedroom, edge, covers, pillow, comforter, dips, legs, arms",H_domestic_nesting,1.000000,True
172,Unconventional Love: Stalker's Obsession,"unrecognizable, exception, rational, creative, fraction, sweep, stalker, collection, definitions, silkiness",E_threat_danger,1.000000,True
173,Best Friends to Lovers,"friendship, friend, buddies, benefits, friendships, acquaintances, school, inseparable, best, freshman",Z_noise_oog,1.000000,True
174,Despicable Driving Scenario,"worse, worst, things, terrible, horrible, despicable, scenario, times, drivers, thing",Z_noise_oog,1.000000,True
175,Underwater Misadventures,"underwater, worst, attention, surface, bar, glance, doh, person, anvil, ability",F_negative_affect,1.000000,True
176,Physical Discomfort and Anxiety,"throat, lump, bile, tight, knot, cough, tightness, dry, gagging, clearing",F_negative_affect,1.000000,True
177,Powerful Enforcer's Command,"command, strong, willing, cosmos, place, enforcer, sort, cobra, whirls, problematic",Z_noise_oog,1.000000,True
178,Happy Endings,"happiness, happier, satisfaction, cheerful, tools, percent, endings, centre, outpouring, torrential",Z_noise_oog,1.000000,True
179,Relaxing at the Harem: Bathing and Conversation,"bathing, labor, overton, trunk, grin, cutoffs, stresses, enviable, conversation, harem",I_humor_lightness,1.000000,True
180,Love's Geometry: Courtship Assurances,"ode, geometry, stratosphere, cleanup, forte, pleaser, courts, expiration, assurance, gummy",Z_noise_oog,1.000000,True
181,Immovable Hero,"grunt, expressionless, strides, song, glower, heavenward, unfathomable, implacable, glacial, exasperated",Z_noise_oog,1.000000,True
182,Tender Touch,"tough, cheeks",B_mutual_intimacy,1.000000,True
183,Divorce and Separation,division,N_separation_reunion,1.000000,True
184,Rough and Soft Voice,"low, lowers, gruff, husky, hoarse, rough, soft, rumble, tone, octave",B_mutual_intimacy,1.000000,True
185,Romantic Praise and Adoration,"awesome, wonderful, extraordinary, glorious, exciting, stunning, spectacular, thrilling, satisfying, exceptional",O_appearance_aesthetics,1.000000,True
187,Political Succession Planning,"plan, plans, conditions, suited, planning, successor, feasible, action, politicians, plural",Z_noise_oog,1.000000,True
188,Authentic Struggle vs. Fake Relationships,"deal, authentic, stuff, struggle, realness, wily, bots, scumbag, regular, thing",Z_noise_oog,1.000000,True
189,Upcoming Holidays and Weekends,"tomorrow, weekend, weekends, holiday, noon, nudist, memorial, busy, upcoming, week",G_rituals_gifts,1.000000,True
190,Religious Romance and Archaic Rituals,"et, religion, priest, deity, salvation, religious, greek, fondler, biblically, archaic",G_rituals_gifts,0.500000,True
190,Religious Romance and Archaic Rituals,"et, religion, priest, deity, salvation, religious, greek, fondler, biblically, archaic",P_tech_media,0.500000,False
191,Business Trip Flirtation,"meeting, karaoke, client, remark, disuse, usual, research, baton, trainers, ballbuster",K_work_corporate,1.000000,True
192,Casual Encounters and Priorities,"sashimi, fixable, hookups, encounters, priorities, rule, buffet, buck, ordinary, jog",Z_noise_oog,1.000000,True
193,Annoyed Friend Interferes with Lovey-Dovey Couple,"yells, dopey, friend, announces, birthday, instigating, lovey, dovey, shot, best",G_rituals_gifts,1.000000,True
194,Author's Note and Series Information,"authors, acknowledgments, reviews, purchase, series, fiction, novella, permission, writing, review",Z_noise_oog,1.000000,True
195,Climactic Decision,"standards, decision, finale, gritted, breakthrough, knockout, recollection, hoot, deal, room",Z_noise_oog,1.000000,True
196,Hollywood Heartthrob,"attractive, refined, handsomeness, irresistible, looks, features, stunning, hollywood, magnificent, photos",D_luxury_wealth_status,0.700000,True
196,Hollywood Heartthrob,"attractive, refined, handsomeness, irresistible, looks, features, stunning, hollywood, magnificent, photos",O_appearance_aesthetics,0.300000,False
197,Post-Breakup Reflection and Drinking,"closure, margaritas, rule, numbers, breakup, facts, ciders, decade, switch, things",D_luxury_wealth_status,1.000000,True
198,Amused Protector on Holiday,"growls, stiffens, patron, smirks, snickers, holidays, swings, grownups, horse, investigations",G_rituals_gifts,1.000000,True
199,Cautious Soulmates,"case, password, owners, danish, figurative, raisin, chafing, soulmates, camel, apprehensive",Z_noise_oog,1.000000,True
200,Protective Siblings and Dangerous Secrets,"sister, niece, daughter, older, disclosure, mask, members, sibling, friend, dangerous",F_negative_affect,0.250000,True
200,Protective Siblings and Dangerous Secrets,"sister, niece, daughter, older, disclosure, mask, members, sibling, friend, dangerous",J_family_support,0.250000,False
200,Protective Siblings and Dangerous Secrets,"sister, niece, daughter, older, disclosure, mask, members, sibling, friend, dangerous",E_threat_danger,0.250000,False
200,Protective Siblings and Dangerous Secrets,"sister, niece, daughter, older, disclosure, mask, members, sibling, friend, dangerous",R1_protectiveness,0.250000,False
201,Jealous Girlfriend,"jealous, jealousy, tribute, envious, mediocre, elderly, girlfriend, pang, ridiculous, irrational",R2_jealousy,1.000000,True
202,Historical Comedy of Errors,"history, hatred, modern, toilet, idea, dissertation, comedies, victories, algebra, functional",Z_noise_oog,1.000000,True
203,Disgusted by Coworker's Habits on Bahamas Trip,"revulsion, guests, creature, register, minibar, sight, bahamas, incessant, coworker, broccoli",K_work_corporate,1.000000,True
204,Forgetful Friends and Silly Nights,"forgetting, silliness, requisite, friendliest, nachos, ingredient, implications, hospice, slumber, decency",Z_noise_oog,1.000000,True
205,Breaking Rules for Passion,"fuckup, rule, horny, rules, hint, rest, job, world",K_work_corporate,1.000000,True
206,Author Rivalry and Decision Making,"audience, formidable, compact, authors, amusement, rival, sheepish, sultry, authority, decision",Z_noise_oog,1.000000,True
207,Masculine Scent and Aroma,"scent, cologne, smell, soap, musk, sandalwood, cedar, masculine, earthy, smelling",O_appearance_aesthetics,1.000000,True
208,Explicit Harem Encounters,"desperate, harem, explicit, brightest, correction, heavens, reward, offer, nearest, sun",Z_noise_oog,1.000000,True
209,Clan Heir's Obsession,"eldest, clan, unwarranted, obsession, wing, adoptive, blooded, reins, generation, daughter",Z_noise_oog,1.000000,True
210,Pushy Ex-Lover's Unwanted Reunion,"ensemble, reunion, feelings, passenger, cutoff, pusher, best, converse, pushy, shorts",N_separation_reunion,0.500000,True
210,Pushy Ex-Lover's Unwanted Reunion,"ensemble, reunion, feelings, passenger, cutoff, pusher, best, converse, pushy, shorts",A_commitment_hea,0.500000,False
211,Descriptive Hair Styling,"hair, blonde, waves, shoulders, bun, strands, breeze, braid, auburn, silky",O_appearance_aesthetics,1.000000,True
212,Office Work,"desk, screen, laptop, monitor, office, papers, drawer, chair, paperweight, seat",K_work_corporate,0.500000,True
212,Office Work,"desk, screen, laptop, monitor, office, papers, drawer, chair, paperweight, seat",P_tech_media,0.500000,False
213,Anxious Breathing,"breath, hitches, deep, breathing, throat, lungs, ragged, shaky, noise, catches",B_mutual_intimacy,1.000000,True
214,Evasive Answers to Naughty Questions,"question, omg, answer, naughtiest, second, scapegoat, questions, important, evasive, fictional",Z_noise_oog,1.000000,True
215,Overprotective Gentleman's Sudden Outburst,"upset, worries, taser, ogre, promise, bigger, sudden, enraged, overprotective, gentlemen",F_negative_affect,0.333333,True
215,Overprotective Gentleman's Sudden Outburst,"upset, worries, taser, ogre, promise, bigger, sudden, enraged, overprotective, gentlemen",A_commitment_hea,0.333333,False
215,Overprotective Gentleman's Sudden Outburst,"upset, worries, taser, ogre, promise, bigger, sudden, enraged, overprotective, gentlemen",R1_protectiveness,0.333333,False
216,Morbid Remembrance,"dead, deaths, mortification, mortifying, lifeless, alive, suicide, anniversaries, poorer, bareback",Z_noise_oog,1.000000,True
217,Tough Guy's Reluctant Sidekick,"snarky, raincheck, tough, frisky, sidekick, obedient, dope, peg, hoo, coerce",Z_noise_oog,1.000000,True
218,Animal Antics,"pigeon, birds, duckling, chirping, wings, crows, antics, feathers, lizards, carnivorous",S_scene_anchor,1.000000,True
219,Academic Crush,"assignment, humans, course, actuality, enviable, par, fixture, zing, principle, endearment",Z_noise_oog,1.000000,True
220,Evening Boat Ride with a Consultant,"moment, boat, inspiration, consultant, months, evening, grimace, houseful, relaxing, wonderment",S_scene_anchor,1.000000,True
221,Bathroom Encounters,"shower, bathroom, towel, restroom, toilet, tub, towels, quick, showers, clinic",H_domestic_nesting,0.500000,True
221,Bathroom Encounters,"shower, bathroom, towel, restroom, toilet, tub, towels, quick, showers, clinic",M_health_recovery,0.500000,False
222,Courtroom Drama,"trial, sale, trash, thanks",Z_noise_oog,1.000000,True
223,Professional Presentation Nerves,"work, presentation, adults, expectations, undies, def, research, awe, niche, school",K_work_corporate,1.000000,True
225,Unreliable Partner at a Conference,"early, minutes, bylaws, mosquitoes, furtive, unreliable, ifs, percentage, conference, diagnosis",Z_noise_oog,1.000000,True
226,"{
  ""label"": ""Scandalous Pottery Adventure""","disco, infinity, pottery, scandalous, maine, girlfriend, helicopter, wrinkles, blunt, adventure",Z_noise_oog,1.000000,True
227,Office Drama and Sexual Tension,"scuffle, destructive, voyeur, filing, races, vibrator, strangers, prick, paperwork, secretary",F_negative_affect,0.500000,True
227,Office Drama and Sexual Tension,"scuffle, destructive, voyeur, filing, races, vibrator, strangers, prick, paperwork, secretary",K_work_corporate,0.500000,False
228,Home and Work Balance,"home, edit, homesick, sense, homey, residential, mobile, vow, work, sailing",K_work_corporate,0.500000,True
228,Home and Work Balance,"home, edit, homesick, sense, homey, residential, mobile, vow, work, sailing",A_commitment_hea,0.500000,False
229,Fascinated Gaze,"gaze, widen, brows, wide, brighter, head, brow, fascinating, fraction, brightens",O_appearance_aesthetics,1.000000,True
230,Disabled Love and Family,"cast, wheelchair, fond, photo, golf, rancor, threes, children, information, citation",J_family_support,1.000000,True
231,Sweaty Intimacy,"sweat, beads, sweating, trickles, sweaty, palms, bead, forehead, skin, spine",B_mutual_intimacy,1.000000,True
232,Competitive Bidding and Beginners' Luck,"firsthand, blah, prize, interpretation, anecdote, tigers, bidders, beginner, lookout, convoluted",Z_noise_oog,1.000000,True
233,Proud and Intelligent Love Interest,"attractive, proud, intelligent, excellent, pieces, stunning, attribute, uppity, austere, unimaginable",O_appearance_aesthetics,1.000000,True
234,Witchy Rivalry and Valentine's Day,"witch, murdering, sitter, daughter, fanatic, valentines, falsehood, postcoital, nolita, ballbuster",E_threat_danger,1.000000,True
235,Jealous Rivalry in Royal Circles,"gaze, remnant, annoyance, menswear, kingly, peasy, meaner, yesss, snout, clone",R2_jealousy,0.500000,True
235,Jealous Rivalry in Royal Circles,"gaze, remnant, annoyance, menswear, kingly, peasy, meaner, yesss, snout, clone",O_appearance_aesthetics,0.500000,False
236,Humorous Quips and Teasing,"joke, funny, amusing, sick, sarcasm, freakin, proclivities, funnier, gargoyle, heh",I_humor_lightness,1.000000,True
237,Dangerous Archery Rivalry,"rioting, volley, forte, inkling, true, special, reference, archery, fence, trigger",F_negative_affect,0.500000,True
237,Dangerous Archery Rivalry,"rioting, volley, forte, inkling, true, special, reference, archery, fence, trigger",E_threat_danger,0.500000,False
238,Loading and Pointing,"load, point, things",Z_noise_oog,1.000000,True
239,Tears of Emotional Overwhelm,"tears, cheeks, tear, sting, corners, vision, unshed, burst, reddened, sockets",F_negative_affect,1.000000,True
240,Career Opportunities and Consequences,"years, research, deal, thought, career, booked, industry, opportunity, consequences, elections",S_scene_anchor,1.000000,True
241,Protective Hero,start,R1_protectiveness,1.000000,True
242,Business Negotiations and Professional Interactions,"class, handshake, glad, thrilled, humane, contort, audacious, bereft, biscuit, stiffness",K_work_corporate,1.000000,True
243,Fearless Lady's Epitome of Sophistication,"answer, epitome, ladies, mio, outspoken, sophistication, replaceable, mushrooms, scrambles, fearless",F_negative_affect,1.000000,True
244,Home Improvement and Domestic Nesting,"cordless, drill, results, oldest, strides, homebody, maybach, inexorable, letdown, screwdriver",Z_noise_oog,1.000000,True
245,Midnight Countdown,"clock, nightstand, ticking, digital, glance, midnight, countdown, hour, noon, clocks",O_appearance_aesthetics,1.000000,True
246,Superhero's Protective Stance,"wraps, moves, badge, stands, looks, intercom, shuffle, evil, tats, superhuman",O_appearance_aesthetics,0.500000,True
246,Superhero's Protective Stance,"wraps, moves, badge, stands, looks, intercom, shuffle, evil, tats, superhuman",R1_protectiveness,0.500000,False
247,Wholesome Sisterly Bond,"statue, sister, piranhas, outpouring, cornbread, hurry, garner, particulars, wholesome, hairstylist",J_family_support,1.000000,True
248,Doomed Love in an Artistic Setting,"interpretation, doom, barn, brownstone, wrong, impending, failure, incident, gallery, actual",Q_miscommunication,1.000000,True
249,Rustic Prophecy and Garage Romance,"validity, laminate, prophecy, garage, manure, acknowledgement, unfiltered, incentive, significance, references",F_negative_affect,1.000000,True
250,Protective Love Interest,"protector, soul, conversations, protective, pamper, firelight, bolder, headstrong, sputters, unconditional",R1_protectiveness,1.000000,True
251,Professional Rivalry and Instinctual Attraction,"press, conference, cursing, mojo, metabolism, genuineness, guys, instinctual, louisville, discrimination",Z_noise_oog,1.000000,True
252,Sassy Retorts and Glare-offs,"retorts, drawls, harden, manner, heck, frowns, features, glare, merrier, period",Z_noise_oog,1.000000,True
253,Confused Talents,"shrug, stammer, supremacy, question, sacrilege, plumbing, assortment, buttons, confusion, talents",Z_noise_oog,1.000000,True
254,Foolish Mistakes and Reckless Love,"mistake, wrong, mistakes, faulty, huge, foolish, horny, costly, trafficked, luv",Q_miscommunication,1.000000,True
255,Scorching Attraction,"hotter, hots, hottest, scorpion, empathetic, ceaseless, zillion, coals, hottie, hotness",Z_noise_oog,1.000000,True
256,Comic Misunderstandings,"wrong, whack, shhh, oof, pee, doh, cad, mousy, whisk, emu",Q_miscommunication,1.000000,True
257,Scented Love,"smell, scent, perfume, smells, air, scents, distillery, lavender, whiff, nose",O_appearance_aesthetics,1.000000,True
258,Loner's Sunset Beading,"parade, issues, beading, loner, worms, motivated, class, shrug, labored, sunset",S_scene_anchor,1.000000,True
259,Office Work,"desk, laptop, papers, office, cubicle, stack, screen, paper, chair, seat",K_work_corporate,0.500000,True
259,Office Work,"desk, laptop, papers, office, cubicle, stack, screen, paper, chair, seat",P_tech_media,0.500000,False
260,Casual Encounters and Brief Meetings,"shrug, agreement, assertion, gearshift, waiter, leafy, brief, wand, pleased, aviators",K_work_corporate,1.000000,True
261,Unconventional Romance Rituals,"uncompromising, tendencies, horizontal, protocol, allowance, nuzzle, sedan, conventional, sleepless, prettier",G_rituals_gifts,1.000000,True
262,Witty Banter,clever,I_humor_lightness,1.000000,True
263,Riddles and Challenges,"question, challenge, true, riddle, conventional, presumptuous, temp, relevant, void, phrase",Z_noise_oog,1.000000,True
264,Protective Father at School,"daughter, squeeze, dumpling, school, lilies, curl, shouts, contrast, middle, melee",J_family_support,0.500000,True
264,Protective Father at School,"daughter, squeeze, dumpling, school, lilies, curl, shouts, contrast, middle, melee",R1_protectiveness,0.500000,False
265,Careful Date Preparation,"checking, record, careful, tune, curveball, easy, peasy, tonight, snob, vertical",S_scene_anchor,1.000000,True
266,Sleazy Photographer's Explicit Intentions,"shots, client, photos, explicit, friend, sleazy, purposes, juicy, shiftless, watt",Z_noise_oog,1.000000,True
267,Cocky Lover's Manipulation,"smirk, fuss, pleased, billboard, recommendation, cunning, injuries, deepens, discomfort, cocky",M_health_recovery,0.500000,True
267,Cocky Lover's Manipulation,"smirk, fuss, pleased, billboard, recommendation, cunning, injuries, deepens, discomfort, cocky",K_work_corporate,0.500000,False
268,Flirtatious Interactions,"diary, frowns, pouts, gaze, snickers, stiffens, waves, slackens, flounces, broadens",O_appearance_aesthetics,1.000000,True
269,Threatening Rancher,"sideways, stony, violence, ranch, spray, panhandlers, readiness, threat, boulevard, regulation",E_threat_danger,1.000000,True
270,Emotional Breakdown,"tears, sobbing, bawling, feminine, undone, sob, hiccupping, ugly, sexless, upholstery",F_negative_affect,1.000000,True
271,Power Dynamics in Romance,"conquest, labor, advantage, defenses, physical, feminine, moment, coast, asymmetry, sacrilege",Z_noise_oog,1.000000,True
272,Curious Girlfriend Seeks Assurance,"girlfriend, talk, exclamation, curious, vessel, assurance, problem, blooded, firm, willpower",Z_noise_oog,1.000000,True
273,Remorseful Apology,"sorry, apology, apologetic, tears, accident, lack, contrite, disruption, robotic, whispers",F_negative_affect,0.333333,True
273,Remorseful Apology,"sorry, apology, apologetic, tears, accident, lack, contrite, disruption, robotic, whispers",T_repair_apology,0.333333,False
273,Remorseful Apology,"sorry, apology, apologetic, tears, accident, lack, contrite, disruption, robotic, whispers",B_mutual_intimacy,0.333333,False
274,Exclusive Gentlemen's Club,"clubs, members, exclusive, stag, wilder, restaurants, member, strip, whores, frequent",Z_noise_oog,1.000000,True
275,Compatibility and Past Hurdles,"lives, compatible, better, synapses, pasts, buffer, decorum, inseparable, limbo, trials",Z_noise_oog,1.000000,True
276,Angry Confrontation,"anger, rage, furious, dense, disrespectful, temper, thrums, bitterness, surface, depths",F_negative_affect,1.000000,True
277,Business Acquisitions,"company, buy, profits, business, companies, funds, businesses, successes, millions, leech",K_work_corporate,1.000000,True
278,Medical Emergency and Rescue,"east, ways, enlisted, preface, welfare, aneurysm, preview, paddles, upper, paramedic",M_health_recovery,1.000000,True
279,Adventurous Trek with Precautions,"mile, pilot, precautions, wolves, trek, booking, competitors, visitors, yards, stammers",Z_noise_oog,1.000000,True
280,Animalistic Alpha Male,"growls, groans, growl, growling, rips, low, grunts, ears, deep, throaty",Z_noise_oog,1.000000,True
281,Nighttime Routines and Sleep,"sleep, asleep, night, bed, inertia, exhausted, hours, nights, slumber, nephew",H_domestic_nesting,1.000000,True
282,Marital Struggles and Sweet Reconciliations,"respect, mortgage, exceptions, utmost, grandkids, bathrobe, album, impossible, rougher, sweeter",J_family_support,1.000000,True
284,Unpredictable Pet and Owner,"bounds, wriggles, perplexed, barks, extremes, ability, client, mustards, novelty, diabolical",Z_noise_oog,1.000000,True
285,Size Matters,"bigger, huge, size, solid, heavy, geometry, massive, inch, large, larger",Z_noise_oog,1.000000,True
286,Religious Dispute and Confrontation,"supreme, glare, priest, crew, fight, obdurate, conjecture, referee, unpunished, reticence",Z_noise_oog,1.000000,True
287,Legendary Rivalry and Certainty,"course, gloating, omen, seams, legend, instrument, trepidation, certainty, resources, turkey",Z_noise_oog,1.000000,True
288,Weekday Routines and Workweek Blues,"mornings, omg, routine, noon, tomorrow, inspirational, workweek, horrendous, mondays, appalling",K_work_corporate,1.000000,True
289,Musical Romance,"music, band, song, musicians, classical, jazz, speakers, songs, instrumental, quartet",Z_noise_oog,1.000000,True
290,Erotic Encounter,"nipples, nipple, breasts, pebble, fabric, firm, erect, lace, clamps, nubs",C_explicit,1.000000,True
291,Labored Breaths in Tension,"breath, breathing, deep, ragged, intake, inhales, breaths, labored, heavy, exhale",B_mutual_intimacy,1.000000,True
292,Intimate Bathroom Encounters,"shower, bathroom, towel, bath, tub, restroom, toilet, towels, shirt, washing",H_domestic_nesting,1.000000,True
293,Career-Damaging Secrets,"fixer, total, pained, adviser, elimination, dissertation, charity, forte, damaging, talk",F_negative_affect,0.750000,True
293,Career-Damaging Secrets,"fixer, total, pained, adviser, elimination, dissertation, charity, forte, damaging, talk",S_scene_anchor,0.250000,False
294,Humiliated and Ashamed,"embarrassing, embarrassed, humiliating, shame, embarrassment, ashamed, pity, disgust, glutton, abject",F_negative_affect,1.000000,True
295,Magical Romance with Grateful Friend,"spell, bookcrazy, spells, explosion, grateful, friend, scrooge, sheer, command, muck",Z_noise_oog,1.000000,True
296,Office Romance,"meeting, office, meetings, board, offices, conference, tomorrow, engineering, noon, business",K_work_corporate,1.000000,True
297,Arrogant Jerk Heroes,"arrogance, cocky, smack, insufferable, jerks, pompous, jerky, sleazebag, prick, stubborn",Z_noise_oog,1.000000,True
298,Edgy Nightlife and Family Secrets,"jail, nightlife, fatherless, haired, lizards, undisclosed, subsidiary, derision, edgier, stocky",J_family_support,1.000000,True
299,Expressions of Gratitude and Happiness,"glad, grateful, proud, thrilled, thankful, excited, gratitude, item, happier, readiness",Z_noise_oog,1.000000,True
300,Business Negotiations,"buts, arguments, contracts, central, argument, success, matter, eye, need",K_work_corporate,1.000000,True
301,Sensual Burlesque Encounters,"erotic, sexytimes, unnatural, alluring, attractive, seductive, sensual, lingerie, twig, burlesque",O_appearance_aesthetics,1.000000,True
302,Armed Danger,"gun, weapon, bullets, pistol, guns, barrel, rifle, gunshot, shotgun, trigger",F_negative_affect,0.500000,True
302,Armed Danger,"gun, weapon, bullets, pistol, guns, barrel, rifle, gunshot, shotgun, trigger",E_threat_danger,0.500000,False
303,Life Goals and Personal Motto,"fullest, motto, occasion, cartoonish, lives, lifetime, adult, goal, purgatory, personal",S_scene_anchor,1.000000,True
304,Coffee Shop Romance,"jar, barista, trance, taffy, saltwater, supplement, local, mileage, recycling, monkeys",Z_noise_oog,1.000000,True
305,Quiet Strength: Mannered Ruler,"best, thing, recommend, quietest, sign, cause, mannered, trait, ruler, commentary",Z_noise_oog,1.000000,True
306,Humorous Holiday Dates,"laughs, laugh, laughter, grins, holidays, giggles, amphitheater, humorous, funniest, khaki",I_humor_lightness,0.500000,True
306,Humorous Holiday Dates,"laughs, laugh, laughter, grins, holidays, giggles, amphitheater, humorous, funniest, khaki",G_rituals_gifts,0.500000,False
307,Color Preferences and Decor,"colors, favorite, yellow, scheme, bright, ones, shade, primary, packets, burgundy",E_threat_danger,1.000000,True
308,Reclusive Hero's Redemption,"confidence, jugular, truest, correct, mcs, reclusive, canal, wrong, proverbial, bobs",Q_miscommunication,1.000000,True
309,Business Contract Negotiations,"contract, contracts, clause, promissory, dalliances, supplier, terms, agreement, semantics, nondisclosure",K_work_corporate,1.000000,True
310,Feminist Ladies' Empowerment,"feminine, ladies, feminist, conscious, godawful, experience, needier, calcium, rarer, demographic",Z_noise_oog,1.000000,True
311,Long-Term Relationship Restoration,"downs, cycle, yearlong, years, thousands, holiday, times, restoration, chemists, phases",G_rituals_gifts,1.000000,True
312,Grooming and Appearance,"hair, stubble, forehead, tousled, shaven, scruff, shadow, usual, comb, collar",O_appearance_aesthetics,1.000000,True
313,Horse Racing and Adrenaline Rush,"race, racing, races, deluge, prebuyers, thoroughbred, adrenaline, runners, armpits, downs",Z_noise_oog,1.000000,True
314,Vague Setup and Wise Advice,"thing, humane, percent, winner, vague, hunch, setup, wise, assholes, suggestion",Z_noise_oog,1.000000,True
315,Controlling Gardener,"heck, meaner, gardener, instrumental, controller, treasures, tuxes, trail, dang, combo",Z_noise_oog,1.000000,True
316,Office Work,"desk, papers, office, chair, monitor, screen, files, paper, stack, seat",K_work_corporate,0.500000,True
316,Office Work,"desk, papers, office, chair, monitor, screen, files, paper, stack, seat",P_tech_media,0.500000,False
317,Scented Intimacy,"scent, smell, perfume, nostrils, shampoo, coconut, lavender, flowers, flowery, sweetness",G_rituals_gifts,0.500000,True
317,Scented Intimacy,"scent, smell, perfume, nostrils, shampoo, coconut, lavender, flowers, flowery, sweetness",O_appearance_aesthetics,0.500000,False
318,Legal Drama and Mutual Intimacy,"sign, marvelous, bloodthirsty, jury, blowjob, productive, heavens, feeling, accomplished, mutual",K_work_corporate,1.000000,True
319,Ice-Cold Jealousy and Late-Night Reunions,"penguins, buildup, cabs, nightie, carousel, bass, devotion, dent, recipe, device",A_commitment_hea,0.187500,False
319,Ice-Cold Jealousy and Late-Night Reunions,"penguins, buildup, cabs, nightie, carousel, bass, devotion, dent, recipe, device",N_separation_reunion,0.187500,False
319,Ice-Cold Jealousy and Late-Night Reunions,"penguins, buildup, cabs, nightie, carousel, bass, devotion, dent, recipe, device",R2_jealousy,0.187500,False
319,Ice-Cold Jealousy and Late-Night Reunions,"penguins, buildup, cabs, nightie, carousel, bass, devotion, dent, recipe, device",P_tech_media,0.187500,False
319,Ice-Cold Jealousy and Late-Night Reunions,"penguins, buildup, cabs, nightie, carousel, bass, devotion, dent, recipe, device",S_scene_anchor,0.250000,True
320,Emotional Turmoil and Self-Discovery,"better, feeling, queasy, shittier, delusion, energized, feelings, corset, devastation, liberating",Z_noise_oog,1.000000,True
321,Celebrity Protection and Endorsement,"antidote, maine, entertainment, tolerant, dala, terrorist, endorsement, groupies, buffer, nines",R1_protectiveness,1.000000,True
322,Scornful Lockdown Behavior,"head, scornful, lockdown, behavior, fuzz, vulgar, problem, melancholy, road, whiskers",Z_noise_oog,1.000000,True
323,Photo Shoot and Memories,"cameras, photos, pictures, photographers, camera, photo, photoshoot, note, images, shoot",Z_noise_oog,1.000000,True
324,Overwhelmed by Cultural Sensory Overload,"sensory, discussion, overreaction, overeager, cultural, overdone, overkill, trials, vu, overload",Z_noise_oog,1.000000,True
325,Hopeless Love Triangle,"owl, repeats, alternatives, hopelessness, presentable, watercolor, glum, passageway, instructs, prod",Z_noise_oog,1.000000,True
326,Formal Dinner Date,"earliest, calls, convenience, alright, callers, formalities, caviar, class, booty, help",H_domestic_nesting,0.500000,True
326,Formal Dinner Date,"earliest, calls, convenience, alright, callers, formalities, caviar, class, booty, help",P_tech_media,0.500000,False
327,Undeniable Attraction and Guarded Conversations,"nod, prompt, undeniable, guards, reply, agreement, response, chin, conversation, head",Z_noise_oog,1.000000,True
328,Explicit Intimacy and Frustration,"moan, whimper, moans, loud, moaning, fray, unintelligible, frustration, salvation, unattractive",F_negative_affect,0.500000,True
328,Explicit Intimacy and Frustration,"moan, whimper, moans, loud, moaning, fray, unintelligible, frustration, salvation, unattractive",O_appearance_aesthetics,0.500000,False
329,Caring Guardian Parent,"dependable, coos, wails, parenting, competent, guardian, formula, squeals, faking, diaper",J_family_support,0.375000,True
329,Caring Guardian Parent,"dependable, coos, wails, parenting, competent, guardian, formula, squeals, faking, diaper",R1_protectiveness,0.375000,False
329,Caring Guardian Parent,"dependable, coos, wails, parenting, competent, guardian, formula, squeals, faking, diaper",S_scene_anchor,0.250000,False
330,Nervous Stylist's Glance,"confidante, splutters, pleads, stylist, glance, worker, smiles, exhales, giggles, arab",I_humor_lightness,0.333333,True
330,Nervous Stylist's Glance,"confidante, splutters, pleads, stylist, glance, worker, smiles, exhales, giggles, arab",K_work_corporate,0.333333,False
330,Nervous Stylist's Glance,"confidante, splutters, pleads, stylist, glance, worker, smiles, exhales, giggles, arab",J_family_support,0.333333,False
331,Arrogant Heir's Vow,"jambalaya, tremulous, egotistical, presumptuous, shark, vows, cocky, ass, birthright, shitty",A_commitment_hea,1.000000,True
332,Hidden Identities,"secrets, confidential, secrecy, secretive, discreet, identity, sneaking, sandcastle, kinds, closest",Z_noise_oog,1.000000,True
333,Threatening Office Affair,"weapons, threats, cubicle, affair, conscious, spat, prima, ex, threat, similarities",K_work_corporate,0.500000,True
333,Threatening Office Affair,"weapons, threats, cubicle, affair, conscious, spat, prima, ex, threat, similarities",E_threat_danger,0.500000,False
334,Resolute Vows and Protests,"perfunctory, declarations, objection, resolute, prolonged, expectation, head, salute, iced, earnest",A_commitment_hea,1.000000,True
335,Bar Brawl and Intervention,"cries, redder, yells, sardine, moot, mutters, aide, fistfight, ale, orders",S_scene_anchor,1.000000,True
336,Seeking Answers,"alternatives, thanks, answer, way",Z_noise_oog,1.000000,True
337,Rushed Study Session,"pointers, metaphor, hasty, boards, deed, lemonade, homework, question, results, presentation",K_work_corporate,1.000000,True
338,College Roommates and Awakening,"freshman, roommate, earful, shrine, messages, awakening, losers, path, standalone, indecent",P_tech_media,1.000000,True
339,Anticipatory Romance and Tension,"ipo, waits, pumps, elections, beat, tandem, bated, cucumber, complimentary, displeased",K_work_corporate,1.000000,True
340,Office Romantic Tension,"mouths, denial, woes, impropriety, tolerant, hypocrisy, cringes, employers, safest, static",K_work_corporate,1.000000,True
341,Realizing Mistakes and Seeking Reunion,"leaving, disrespectful, replacement, reunion, realizations, supplication, threat, coquettish, irritation, issue",N_separation_reunion,0.333333,True
341,Realizing Mistakes and Seeking Reunion,"leaving, disrespectful, replacement, reunion, realizations, supplication, threat, coquettish, irritation, issue",E_threat_danger,0.333333,False
341,Realizing Mistakes and Seeking Reunion,"leaving, disrespectful, replacement, reunion, realizations, supplication, threat, coquettish, irritation, issue",A_commitment_hea,0.333333,False
342,Mistaken Identity and Criticism,"wrong, wrongs, harbinger, critics, uncharacteristic, peculiar, event, gentlemen, levels, mistaken",Q_miscommunication,1.000000,True
343,Businessman in Formal Attire,"navy, tie, crisp, shirt, tailored, charcoal, suits, expensive, necktie, usual",K_work_corporate,0.500000,True
343,Businessman in Formal Attire,"navy, tie, crisp, shirt, tailored, charcoal, suits, expensive, necktie, usual",D_luxury_wealth_status,0.500000,False
344,Slow Burn Romance,"slow, slower, motion, snail, process, pace, experimentation, pitfalls, weekday, circles",Z_noise_oog,1.000000,True
345,Dashing Rogue and His Reluctant Love,"daft, tramp, charmer, architectural, dense, conclusions, jump, fur, buildings, firm",Z_noise_oog,1.000000,True
346,Passionate Rivalry at Conferences,"admirable, passionate, shortcuts, anxiousness, verb, horrors, postal, conferences, gasps, coldhearted",Z_noise_oog,1.000000,True
347,Explicit Intimacy,yessss,B_mutual_intimacy,1.000000,True
348,Business Negotiations and Challenges,"seminar, geniuses, brochures, clients, spiel, pharmaceuticals, brothel, brochure, challenge, inflection",K_work_corporate,1.000000,True
349,Bearing Burdens on the Beachside,"shoulders, weight, dignity, bunch, shoulder, beachside, fall, coil, risks, burden",S_scene_anchor,1.000000,True
350,Sister's Protective Decision,"childhood, months, defensive, sister, clinic, permission, wasteland, decisions, bashful, goddesses",M_health_recovery,0.333333,True
350,Sister's Protective Decision,"childhood, months, defensive, sister, clinic, permission, wasteland, decisions, bashful, goddesses",J_family_support,0.333333,False
350,Sister's Protective Decision,"childhood, months, defensive, sister, clinic, permission, wasteland, decisions, bashful, goddesses",R1_protectiveness,0.333333,False
351,Water Activities and Romance,"pool, swimming, swim, scum, gene, float, swimmer, cabana, indoor, waterfall",S_scene_anchor,1.000000,True
352,Legal Professionals and Career Changes,"lawyers, attorney, termination, assets, case, prosecution, wrongful, banker, job, editors",K_work_corporate,0.750000,True
352,Legal Professionals and Career Changes,"lawyers, attorney, termination, assets, case, prosecution, wrongful, banker, job, editors",S_scene_anchor,0.250000,False
353,Realizations and Regrets,"regret, regrets, realizations, validity, runny, entree, eon, scandals, liable, things",Z_noise_oog,1.000000,True
354,Threatening Drug Dealer,"minion, faintest, freckle, problem, dodge, types, slightest, timing, drugs, threatening",E_threat_danger,1.000000,True
355,Sunburned Blush in the Forest,"cheeks, flush, floods, hotter, forest, sunburned, decree, plank, blush, nauseating",Z_noise_oog,1.000000,True
356,Epic Fantasy Confrontations,"fight, battle, fights, battles, dragons, feud, war, confrontation, fighter, supremacy",Z_noise_oog,1.000000,True
357,Hungover Aftermath and Personality Clashes,"hungover, herculean, whats, accordion, personality, decadence, protest, tv, gallop, imitation",L_vices_addictions,1.000000,True
358,Sports Celebration,"earful, victorious, tabloids, goal, local, magnanimous, stag, finite, performances, placid",G_rituals_gifts,0.500000,True
358,Sports Celebration,"earful, victorious, tabloids, goal, local, magnanimous, stag, finite, performances, placid",P_tech_media,0.500000,False
360,Relaxation and Recovery,"rest, relaxing, relaxed, relaxation, averse, awash, peace, moping, minute, exhibit",M_health_recovery,1.000000,True
361,Proud and Grateful Partner,"glad, proud, excited, grateful, wonderful, talented, consultants, sentiments, endeavor, adventurous",Z_noise_oog,1.000000,True
362,Adorable Nephew and His Pet,"adorable, cutest, nephew, schnoodle, juvenile, human, immature, shops, lethal, omg",Z_noise_oog,1.000000,True
363,Prophetic Love Connection,"owners, webcam, goofball, prophecy, blankness, relationships, nightclubs, version, lows, connection",P_tech_media,1.000000,True
364,Reluctant Reunion,"distance, excuses, easier, reminder, role, choice, existent, warehouses, recluse, fictional",N_separation_reunion,0.700000,True
364,Reluctant Reunion,"distance, excuses, easier, reminder, role, choice, existent, warehouses, recluse, fictional",A_commitment_hea,0.300000,False
365,Self-Reflection in the Bathroom,"mirror, reflection, bathroom, mirrors, glance, length, look, haggard, sink, hoodie",H_domestic_nesting,0.500000,True
365,Self-Reflection in the Bathroom,"mirror, reflection, bathroom, mirrors, glance, length, look, haggard, sink, hoodie",O_appearance_aesthetics,0.500000,False
366,Morning Routine with Annoyance,"scowl, beeping, beeps, crews, spelling, bees, smoothie, avocado, bananas, crackers",Z_noise_oog,1.000000,True
367,Protective Guardian,"privacy, safer, invasion, protection, safety, duty, secure, footprint, unwritten, identities",R1_protectiveness,1.000000,True
